,firm_name,firm_address1,firm_address2,firm_city,firm_state,firm_zip,expire_date,create_date,firm_phone,firm_type,Firm_num,GregsNotes,www,domain
0,"Di Sciullo-Terry, Stanton & Associates, Inc.",908 W. Main Street,,Arlington,TX,76013,8/31/2020,8/11/2000,8172753361,NS,615,,www.,dterry.com
1,ENERGETICS,3420 AVENUE A,,NEDERLAND,TX,77627-7228,8/31/2020,8/11/2000,409-722-5109,SP,622,,www.,energycountryford.com
2,ENTERPRISE ENGINEERING CONSULTANTS LTD,PO BOX 163,,PESHTIGO,WI,54157,8/31/2020,8/11/2000,7155824501,NS,623,,www.,enterprise-engineers-architects.com
3,ENVIRONMENTAL & CHEMICAL TECHNOLOGY INC,18827 AMADOR AVE,,DALLAS,TX,75252,8/31/2020,8/11/2000,972 867 8989,SP,624,,www.,mapquest.com
4,"Ergonomic Transportation Solutions, Inc.",PO BOX 926333,,HOUSTON,TX,77292-6333,8/31/2020,8/11/2000,713 956 9601,NS,625,,www.,etsiteam.com
5,ERNEST HEDGCOTH CONSULTING ENGINEERS INC,5701 MIDWAY RD #C,,FT. WORTH,TX,76117,8/31/2020,8/11/2000,817 831 7711,SP,626,,www.,bbb.org
6,Foundation Energy,5057 Keller Springs Rd Ste 650,,Addison,TX,75001,8/31/2020,8/11/2000,972 707 2500,NS,627,,www.,foundationenergy.com
7,FOWLER ENERGY COMPANY,4520 SPICEWOOD SPRINGS RD,STE. 200,AUSTIN,TX,78759,8/31/2020,8/11/2000,512 502 0101,NS,628,,www.,opencorporates.com
8,"FORREST A. GARB & ASSOCIATES, INC.",1701 Legacy Dr.,Suite 2005,Frisco,TX,75034,8/31/2020,8/11/2000,972-788-1110,NS,629,,www.,communityimpact.com
9,"GICE, Inc. DBA Garrett-Ihnen Civil Engineers","12007 Technology Blvd., Ste. 150",,Austin,TX,78727,8/31/2020,8/11/2000,512 454 2400,NS,630,,www.,gice.us
10,Geometrica Inc,"12300 Dundee Court, Ste 200",,Cypress,TX,77429,8/31/2020,8/11/2000,832-220-1200,NS,631,,www.,geometrica.com
11,GRIFFIN ENGINEERING GROUP INC,11808 Tedford Street,,Austin,TX,78753,8/31/2020,8/11/2000,5128363113,NS,634,,www.,porch.com
12,"H.J. GRUY AND ASSOCIATES, INC.",6575 W LOOP S #550,,BELLAIRE,TX,77401,8/31/2020,8/11/2000,713 739 1000,NS,637,,www.,hjgruy.com
13,HAYDEN CONSULTANTS INC,5646 Milton St #500,,Dallas,TX,75206,8/31/2020,8/11/2000,214-753-8100,NS,640,,www.,haydenconsultants.com
14,"HERRING TANK COMPANY, INC",7201 WEST VICKERY BLVD,,FT. WORTH,TX,76116,8/31/2020,8/11/2000,817 377 1851,NS,642,,www.,herringtank.com
15,HILBORN WERNER CARTER & ASSOCIATES INC,1627 S MYRTLE AVE,,CLEARWATER,FL,33756,8/31/2020,8/11/2000,7275848151,NS,644,,www.,hwceng.com
16,HVJ ASSOCIATES INC,6120 S DAIRY ASHFORD ROAD,,HOUSTON,TX,77072,8/31/2020,8/11/2000,2819337388,NS,646,,www.,hvj.com
17,HYDROLOGIC MONITORING,1654 W SAM HOUSTON PKWY,,HOUSTON,TX,77043,8/31/2020,8/11/2000,713-714-1626,NS,648,,www.,hmigroundwater.com
18,Ibarra Consulting Engineers Inc,3100 Monticello Ave,Suite 840,Dallas,TX,75205,8/31/2020,8/11/2000,2142191030,SP,649,,www.,ibarraengineers.com
19,"INNOVATIVE ELECTRICAL SYSTEMS, INC.",7550 W YALE AVE STE B-130,,DENVER,CO,80227,8/31/2019,8/11/2000,303 988 9305,NS,650,,www.,iesystems-inc.com
20,J A COSTANZA & ASSOCIATES ENGINEERING INC,4301 CENTER ST,,DEER PARK,TX,77536,8/31/2020,8/11/2000,2819309339,NS,652,,www.,business.gemcchamber.com
21,J W COLEY ENGINEERING,4540 HOLLYWOOD DR,,PORT ARTHUR,TX,77642-2057,8/31/2020,8/11/2000,409 962 2561,SP,654,,www.,BADQUERY
22,JAMES N BOSTIC PE,303 Colorado Street #2000,,Austin,TX,78701,8/31/2020,8/11/2000,512-495-6431,SP,656,,www.,kellyhart.com
23,"JANUARY CONSULTANTS, INC.",2407 SHADOW LANE DRIVE,,MCKINNEY,TX,75070-3709,8/31/2019,8/11/2000,214-551-4128,NS,657,,www.,facebook.com
24,Joe Johnson Engineering,1100 Dorrance Rd,,San Angelo,TX,76904,8/31/2020,8/11/2000,325-277-1781,SP,660,,www.,manta.com
25,JQH Engineering LLC,11115 CARRIAGE LAKE DR,,HOUSTON,TX,77065,8/31/2020,8/11/2000,8324836671,SP,664,,www.,facebook.com
26,KALLURI GROUP INC,1907 BYWATER DR,,HOUSTON,TX,77077,8/31/2020,8/11/2000,7133659288,NS,665,,www.,kalluri.com
27,"Van Norman, LLC",7305-B Bandera Ranch Trail,,Austin,TX,78750,8/31/2020,8/11/2000,512-796-3313,NS,666,,www.,vannormanllc.com
28,AILLET FENNER JOLLY & MCCLELLAND INC,3003 Knight Street Ste 120,,SHREVEPORT,LA,71105,8/31/2020,8/18/2000,318 425 7452,NS,667,,www.,afjmc.com
29,B-R ENGINEERING CONSULTANTS,6923 QUEENSCLUB DR,,HOUSTON,TX,77069,8/31/2020,8/18/2000,2815834077,SP,668,,www.,brplusa.com
30,BARNHART CONSTRUCTORS INC DBA BARNHART ENGINEERING,3710 WATONGA BLVD,,HOUSTON,TX,77092,8/31/2020,8/18/2000,713 681 5006,NS,669,,www.,barnharteng.us
31,BEAUMONT ENGINEERING COMPANY INC,P. O. Box 925,,Garriosn,TX,75946,8/31/2020,8/18/2000,409-833-2407,SP,670,,www.,opencorporates.com
32,Becker Services Inc DBA Becker Engineering,P O Box 5306,,Katy,TX,77491,8/31/2020,8/18/2000,2814971522,SP,672,,www.,beckerengr.net
33,BENTLEY ENGINEERING INC,1855 Emerald Bay,,Rockwall,TX,75087,8/31/2019,8/18/2000,214-957-1406,NS,674,,www.,manta.com
34,BINK'S CONSTRUCTION INC,3055 MEDLIN DRIVE,,ARLINGTON,TX,76015,8/31/2020,8/18/2000,8174677809,NS,676,,www.,binksconstruction.com
35,Bleyl Interests Inc. DBA Bleyl Engineering,100 Nugent Street,,Conroe,TX,77301,8/31/2020,8/18/2000,936-441-7833,NS,678,,www.,bleylengineering.com
36,Boling Engineering Associates,2018 Frances Drive,,Garland,TX,75042,8/31/2020,8/18/2000,9722765073,SP,679,,www.,bolingengineering.com
37,BOWEN ENGINEERING CORPORATION,1528 VASSAR ST,,ORLANDO,FL,32804,8/31/2020,8/18/2000,407 423 7585,NS,680,,www.,bowen-corp.com
38,BROWN CONSULTING ENGINEERS INC,3505 Olsen Blvd,Suite 110,AMARILLO,TX,79109,8/31/2020,8/18/2000,8063540141,NS,683,,www.,bceinc.com
39,BSM ENGINEERS INC,4111 E US HWY 80 STE 405,,MESQUITE,TX,75150,8/31/2020,8/18/2000,972 681 4680,NS,684,,www.,mesquitechamber.com
40,Campbell & Associates Consulting Engineers Inc,901 MAIN ST STE 5020,,DALLAS,TX,75202,8/31/2020,8/18/2000,2145592600,SP,690,,www.,cace-inc.com
41,"CARR ENGINEERING, INC",12500 CASTLEBRIDGE DRIVE,,HOUSTON,TX,77065-4532,8/31/2020,8/18/2000,281 894 8955,NS,691,,www.,linkedin.com
42,CAS ENGINEERING SERVICES INC,520 E. Broadway,,PORTLAND,TX,78374,8/31/2020,8/18/2000,3616435631,SP,692,,www.,casengineers.com
43,"CAWLEY, GILLESPIE & ASSOCIATES, INC.",306 WEST 7TH ST STE 302,,FT. WORTH,TX,76102,8/31/2020,8/18/2000,817 336 2461,NS,693,,www.,cgaus.com
44,CDS ENGINEERING DBA CDS ENGINEERING,6410 TERRELL DRIVE,,PEARLAND,TX,77584,8/31/2020,8/18/2000,713-826-5655,SP,694,,www.,cds-engineering.com
45,CHARLES GOJER ASSOCIATES INC,11615 FOREST CENTRAL DR #303,,DALLAS,TX,75243,8/31/2020,8/18/2000,214 340 1199,NS,697,,www.,cgojer.com
46,CHARLES LEON LOYD PE,2093 CHERRY RD,,CABOT,AR,72023,8/31/2020,8/18/2000,5019418087,SP,698,,www.,porch.com
47,CHARLIE WALLACE PE,PO BOX 1953,,SPRING,TX,77383,8/31/2020,8/18/2000,2813539042,SP,701,,www.,engage.aiche.org
48,CHILDRESS ENGINEERS INC DBA CHILDRESS ENGINEERS,211 N RIDGEWAY DR,,CLEBURNE,TX,76033,8/31/2020,8/18/2000,817 645 1118,NS,702,,www.,childress-engineers.com
49,CHITWOOD ENGINEERS,1807 MEIRWOODS DR,,SPRING,TX,77379,8/31/2020,8/18/2000,832.725.8176,SP,703,,www.,safemarinetransfer.com
50,"CLARK RICHARDSON & BISKUP CONSULTING ENGINEERS INC DBA CRB CONSULTING ENGINEERS, INC",1251 NW Briarcliff Parkway,Suite 500,KANSAS CITY,MO,64116,8/31/2020,8/18/2000,816-880-9800,NS,709,,www.,crbusa.com
51,CLEAR SPAN ENGINEERING INC,26822 Longleaf Valley Drive,,Katy,TX,77494,8/31/2019,8/18/2000,2817528200,NS,711,,www.,clrspn.com
52,COMFORT-AIR ENGINEERING INC,11403 JONES MALTSBERGER RD,,SAN ANTONIO,TX,78216,8/31/2020,8/18/2000,210 494 1691,NS,713,,www.,comfort-air.com
53,DEGOLYER & MACNAUGHTON CORP,5001 SPRING VALLEY RD,STE 800 EAST,DALLAS,TX,75244,8/31/2020,8/18/2000,2143686391,NS,716,,www.,demac.com
54,DFW CONSULTING GROUP INC,1616 Corporate Ct.,Suite 100,Irving,TX,75038,8/31/2020,8/18/2000,972 929 1199,NS,720,,www.,dfwcgi.com
55,"Edminster, Hinshaw, Russ & Associates, Inc. DBA EHRA",10555 Westoffice Drive,,Houston,TX,77042,8/31/2020,8/18/2000,713 784 4500,NS,726,,www.,ehrainc.com
56,"EXCELSIS,  INC.",2825 WILCREST DR STE 100,,HOUSTON,TX,77042,8/31/2020,8/18/2000,713 785 9815,NS,731,,www.,manta.com
57,AADFW INC,1350 Westpark Way,,EULESS,TX,76040,8/31/2020,8/25/2000,817 540 0153,NS,734,,www.,aadfwinc.com
58,Forte and Tablada Inc.,9107 Interline Avenue,,Baton Rouge,LA,70809,8/31/2020,8/25/2000,225 927 9321,NS,736,,www.,forteandtablada.com
59,BROCK & BUSTILLOS INC,417 EXECUTIVE CENTER BLVD,,EL PASO,TX,79902-1003,8/31/2020,8/25/2000,9155424900,NS,737,,www.,brockbustillos.com
60,"Aguirre & Fields, LP","7215 New Territory Blvd., Suite 100",,Sugar Land,TX,77479,8/31/2020,8/25/2000,281-340-8900,NS,739,,www.,aguirre-fields.com
61,FRANKLIN JOHNSTON PE DBA BUILDING DESIGN GROUP,PO BOX 291562,,KERRVILLE,TX,78029-1562,8/31/2020,8/25/2000,830 928 7507,SP,744,,www.,thefranklinjohnstongroup.com
62,GOSS-JOHNSTON BUILDING CONTRACTORS,PO BOX 291562,,KERRVILLE,TX,78029-1562,8/31/2020,8/25/2000,830-928-7507,SP,750,,www.,yelp.com
63,"H & A Engineers, Inc",731 El Barco,,Corsicana,TX,75109,8/31/2020,8/25/2000,817 268 8621,NS,753,,www.,linkedin.com
64,HDR ENGINEERING INC,1917 S. 67th Street,,Omaha,NE,68106,8/31/2020,8/25/2000,4023991000,NS,754,,www.,twitter.com
65,"Hejl, Lee & Associates, Inc.",208 Taylor St.,,Hutto,TX,78634,8/31/2020,8/25/2000,512 642 3292,NS,755,,www.,hejllee.com
66,HELMBERGER ASSOCIATES INC,1525 BOZMAN ROAD,,WYLIE,TX,75098,8/31/2020,8/25/2000,972 442 7459,NS,756,,www.,manta.com
67,"Michael F. Lucci, PE, PLLC",24165 W Interstate 10,Ste 217-409,San Antonio,TX,78257,8/31/2020,8/25/2000,210 213 3462,SP,757,,www.,cceo.org
68,XR Structural,6448 Highway 290 E.,Suite A-107,Austin,TX,78723,8/31/2020,8/25/2000,512 371 1022,NS,758,,www.,xrstructural.com
69,HUGO REED & ASSOCIATES INC,1601 AVENUE N,,LUBBOCK,TX,79401,8/31/2020,8/25/2000,806 763 5642,NS,760,,www.,hugoreed.com
70,HUITT-ZOLLARS INC,1717 MCKINNEY AVE STE 1400,,DALLAS,TX,75202,8/31/2020,8/25/2000,214 871 3311,NS,761,,www.,huitt-zollars.com
71,INNOVATIVE CONTROL SOLUTIONS INC,1500 Precision Dr Ste 150,,PLANO,TX,75074-8664,8/31/2020,8/25/2000,9725092979,NS,762,,www.,icstexas.com
72,JAY FISCHMAN PE,3723 BROOKVALE CT,,KINGWOOD,TX,77345-1229,8/31/2020,8/25/2000,281 360 8962,SP,767,,www.,jfinspections.com
73,"Kohutek Engineering and Testing, Inc.",3200 East University Avenue,,Georgetown,TX,78626,8/31/2019,8/25/2000,512 930 5832,NS,778,,www.,facebook.com
74,LANDMARK STRUCTURES I LP,301 S County Farm Rd,,Wheaton,TX,60187-4523,8/31/2020,8/25/2000,630-909-4003,NS,779,,www.,teamlandmark.com
75,Lina T Ramey & Associates Inc,3320 Belt Line Road,,Farmers Branch,TX,75234,8/31/2020,8/25/2000,2149791144,NS,782,,www.,ltraengineers.net
76,"Macina, Bose, Copeland and Associates, Inc. DBA MBC Engineers",1035 Central Pkwy N.,,San Antonio,TX,78232,8/31/2020,8/25/2000,210 545 1122,NS,784,,www.,mbcengineers.com
77,"Malone/Wheeler, Inc.",5113 Southwest Pkwy #260,,Austin,TX,78735,8/31/2020,8/25/2000,512 899 0601,NS,786,,www.,malonewheeler.com
78,"MBCM MANAGEMENT, INC. DBA MBC MANAGEMENT",P O Box 648,,Navasota,TX,77868,8/31/2020,8/25/2000,936 825 1603,NS,789,,www.,mbcmusa.com
79,David L Wood PE,6748 Starnes Road,,North Richland Hills,TX,76182,8/31/2020,8/25/2000,817 680 9419,SP,791,,www.,facebook.com
80,MILLENNIUM SOLUTIONS,PO BOX 6683,,KINGWOOD,TX,77325-6683,8/31/2020,8/25/2000,281-359-5171,SP,793,,www.,indeed.com
81,PARKER ENGINEERING LLC,1601 WOODROCK,,ROUND ROCK,TX,78681,8/31/2019,8/25/2000,5122552589,NS,799,,www.,repair-expert.com
82,A&S Engineers Inc,10377 Stella Link Rd,,Houston,TX,77025-5445,9/30/2019,9/1/2000,713-942-2700,NS,802,,www.,as-engineers.com
83,ADVANCED ENGINEERING RESOURCES INC,PO BOX 1277,,MADISON,MS,39130-1277,9/30/2020,9/1/2000,6014275003,NS,805,,www.,a-e-r.com
84,ADVANCED REAL ESTATE ACTIVITIES INC,P O BOX 1232,,HOUSTON,TX,77251-1232,9/30/2019,9/1/2000,713-705-9212,NS,806,,www.,dandb.com
85,"AGRI-WASTE TECHNOLOGY, INC.",501 N. Salem Street,Suite 203,Apex,NC,27502,9/30/2020,9/1/2000,919 859 0669,NS,808,,www.,agriwaste.com
86,AIR & WASTE ENGINEERING INC.,PO BOX 16211,,SUGAR LAND,TX,77496,9/30/2020,9/1/2000,281 455 6569,SP,810,,www.,airandwasteengineering.com
87,ALLIANCE-TEXAS ENGINEERING COMPANY DBA ALLIANCE TRANSPORTATION GROUP INC,"11500 Metric Blvd., Bldg. M-1, Ste. 150",,AUSTIN,TX,78758,9/30/2019,9/1/2000,5128212081,NS,812,,www.,alliance-transportation.com
88,ALPHA TESTING INC,2209 WISCONSIN STREET,ATTN:  ROSIE HARDING,DALLAS,TX,75229,9/30/2020,9/1/2000,9726208911,NS,813,,www.,linkedin.com
89,AMERICAN REALTY SERVICES,712 CONGRESS AVE STE 200,,AUSTIN,TX,78701,9/30/2019,9/1/2000,5124771312,SP,815,,www.,americanrealty.com
90,"Anderson & Associates, Inc.",919 FM 1959,,HOUSTON,TX,77034,9/30/2020,9/1/2000,2814815840,NS,816,,www.,metaltest.com
91,APEX ENGINEERS & CONSULTANTS INC,2501 S. Padre Island Drive,,CORPUS CHRISTI,TX,78415,9/30/2020,9/1/2000,361 985 8057,NS,817,,www.,manta.com
92,ARS ENGINEERS INC,12801 N CENTRAL EXPWY STE 1250,,DALLAS,TX,75243,9/30/2020,9/1/2000,2147393152,NS,819,,www.,arsengineers.com
93,ARW ENGINEERS,1594 WEST PARK CIRCLE,,OGDEN,UT,84404,9/30/2019,9/1/2000,801-782-6008,NS,820,,www.,arwengineers.com
94,AURA ENGINEERING LLC,4801 West Orange Street,,Pearland,TX,77581,9/30/2019,9/1/2000,281-485-1105,NS,823,,www.,aura-engineering.com
95,B&B ENGINEERING,400 HIDDEN BEAR RD,,LIBERTY HILL,TX,78642,9/30/2019,9/1/2000,512-778-5914,SP,824,,www.,porch.com
96,BAKER & LAWSON INC,300 E. Cedar,,Angleton,TX,77515,9/30/2019,9/1/2000,9798496681,NS,825,,www.,bakerlawson.com
97,BAKER & O'BRIEN INC,12001 N. Central Expressway,Suite 1200,Dallas,TX,75243,9/30/2019,9/1/2000,214 368 7626,NS,826,,www.,bakerobrien.com
98,Bass Corrosion Services Inc DBA Bass Engineering Company,PO Box 5609,,Longview,TX,75608,9/30/2019,9/1/2000,903 759 1633,NS,828,,www.,bass-eng.com
99,"Bath Group, Inc. DBA Bath Engineering Corporation/Bath Commissioning Corporation",4110 Rio Bravo Ste 102,,El Paso,TX,79902,9/30/2019,9/1/2000,915-313-7200,NS,829,,www.,bbb.org
100,BGA ENGINEERS INC,4888 LANGFIELD RD STE 200,,HOUSTON,TX,77040,9/30/2020,9/1/2000,7133299922,NS,833,,www.,linkedin.com
101,BIGGS & MATHEWS INC,2500 BROOK AVE.,,WICHITA FALLS,TX,76301,9/30/2019,9/1/2000,940 766 0156,NS,834,,www.,biggsandmathews.com
102,BRASWELL ENGINEERING & MANUFACTURING LLC,454 Rains County Rd 3501,,Emory,TX,75440,9/30/2019,9/1/2000,817-223-6745,SP,838,,www.,bizstanding.com
103,Brazos Environmental & Engineering Services Inc,4923 Franklin,,Waco,TX,76710,9/30/2020,9/1/2000,2547767663,NS,839,,www.,web.wacochamber.com
104,BROCKETTE-DAVIS-DRAKE INC DBA BROCKETTE-DAVIS-DRAKE INC,4144 N CENTRAL EXPWY ,Suite 1100,DALLAS,TX,75204,9/30/2020,9/1/2000,214-824-3647,NS,841,,www.,linkedin.com
105,BROUWER CONSULTING SERVICE,241 Tripp Road,,Mesquite,TX,75150-5808,9/30/2019,9/1/2000,214-674-4104,SP,842,,www.,upcity.com
106,Bryant Consultants Inc,3360 Wiley Post Road ,Suite 100,Carrollton,TX,75006,9/30/2019,9/1/2000,972-713-9109,NS,844,,www.,geoneering.com
107,BURNS & MCDONNELL ENGINEERING CO INC,9400 Ward Parkway,,KANSAS CITY,MO,64114,9/30/2019,9/1/2000,8163339400,NS,845,,www.,burnsmcd.com
108,C RICK CONEWAY PE,6402 Weatherwood COVE,,AUSTIN,TX,78746,9/30/2020,9/1/2000,512-329-9025,SP,847,,www.,linkedin.com
109,C F MCDONALD ELECTRIC INC,ATTN  DIANE DOLLAR,5044 TIMBER CREEK,HOUSTON,TX,77017,9/30/2020,9/1/2000,7139211368,NS,848,,www.,mcdonaldinc.com
110,CADCO ARCHITECTS-ENGINEERS INC,2401 S WILLIS STE 200,,ABILENE,TX,79605,9/30/2019,9/1/2000,3256956281,NS,849,,www.,cadcoae.com
111,"Chas N Clark Associates, Ltd. DBA Clark Engineers",714 Hillcrest Drive,,Laurel,MS,39440,9/30/2020,9/1/2000,601-649-5900,NS,852,,www.,clarkengineers.com
112,Chavez-Grieves Consulting Engineers Inc,4700 Lincoln Rd NE #102,,Albuquerque,NM,87109,9/30/2019,9/1/2000,505 344 4080,NS,853,,www.,cg-engrs.com
113,"Consort Environments, Inc.","3600 Bee Caves Rd., Ste. 100",,West Lake Hills,TX,78746,9/30/2020,9/1/2000,5124690500,NS,859,,www.,consortinc.com
114,CHS ENGINEERING,7846 WOOD OAK COVE,,CORDOVA,TN,38016,9/30/2020,9/1/2000,901-830-5300,SP,860,,www.,members.memphischamber.com
115,Cost Containment Engineering Inc,9222 Linbrooke,,San Antonio,TX,78250,9/30/2020,9/1/2000,210-722-7278,NS,864,,www.,costcontainmentengr.com
116,D&E STRUCTURES CONSULTING ENGINEERS LLP,1010 E ARAPAHO RD,STE 106,RICHARDSON,TX,75081,9/30/2019,9/1/2000,214-741-3095,NS,870,,www.,de-structures.com
117,"D'Appolonia Engineering Division of Ground Technology, Inc.",701 Rodi Road,Floor 2,Pittsburgh,PA,15235-4559,9/30/2019,9/1/2000,4128569440,NS,871,,www.,dappolonia.com
118,STAN BELL ENGINEERING,PO BOX 1,,WILMER,TX,75172,9/30/2020,9/1/2000,9724413714,SP,878,,www.,thebluebook.com
119,BROOKS & SPARKS INC,21020 PARK ROW DR,,KATY,TX,77449,9/30/2020,9/8/2000,281 578 9595,NS,880,,www.,brooksandsparks.com
120,"Carollo Engineers, Inc.","3150 Bristol St., Ste. 500",Attn: RMS,Costa Mesa,CA,92626,9/30/2019,9/8/2000,714-593-5115,NS,882,,www.,carollo.com
121,COOK-JOYCE INC,Attn:  Stacey Granger,"812 W 11th St., Suite 205",Austin,TX,78701,9/30/2019,9/8/2000,512-474-9097,NS,883,,www.,cook-joyce.com
122,"Dorado Engineering Group, Inc.",2717 E. Yandell Dr.,,El Paso,TX,79903,9/30/2019,9/8/2000,915 562 0002,NS,884,,www.,buildzoom.com
123,"Dougherty Sprague Enterprises, Inc DBA DSE",P.O. Box 584,,Rowlett,TX,75030-0584,9/30/2019,9/8/2000,972 412 8666,NS,885,,www.,dsei.com
124,DOUPHRATE & ASSOCIATES INC,2235 RIDGE RD #200,,ROCKWALL,TX,75087,9/30/2020,9/8/2000,9727719004,NS,886,,www.,douphrate.com
125,James R. Vance & Associates DBA Electrologic,13806 St. Mary's Ln.,,Houston,TX,77079,9/30/2019,9/8/2000,281-558-0001,SP,888,,www.,yelp.com
126,"ENGINEERED AIR BALANCE CO., INC.",PO Box 850596,,Richardson,TX,75085-0596,9/30/2020,9/8/2000,972 818 9000,NS,890,,www.,eabcoinc.com
127,ENGINEERING CONSULTANTS INC,401 W CAPITOL AVE STE 305,,LITTLE ROCK,AR,72201,9/30/2020,9/8/2000,5013763752,NS,891,,www.,ecilr.com
128,ENGINEERING CONSULTING SERVICES LTD DBA ECS,14026 THUNDERBOLT PL STE 300,,CHANTILLY,TX,20151,9/30/2019,9/8/2000,571-299-6019,NS,892,,www.,ecslimited.com
129,"Estes, McClure & Associates, Inc. DBA EMA Engineering & Consulting",328 S Broadway,,Tyler,TX,75702,9/30/2019,9/8/2000,903 581 2677,NS,893,,www.,emaengineer.com
130,EVANS ENGINEERING INC,2793 OLD POST RD,,HARRISBURG,PA,17110,9/30/2020,9/8/2000,7175411580,NS,894,,www.,evanseng.com
131,FERNANDEZ FRAZER WHITE & ASSOCIATES INC,"8918 Tesoro, Ste 403",,SAN ANTONIO,TX,78217,9/30/2019,9/8/2000,210-377-0774,NS,896,,www.,ffwinc.com
132,"Ferris, Flinn & Medina, LLC",1405 N Stuart Place Road,,Harlingen,TX,78552,9/30/2019,9/8/2000,956 364 2236,NS,897,,www.,ferrisandflinn.com
133,GAMBLE ENGINEERING & ASSOCIATES INC,P.O. Box 459,,Chappell Hill,TX,77426-0459,9/30/2020,9/8/2000,713-562-0310,SP,900,,www.,texaskit.com
134,GEORGE A ALTHER PE,3516 GULF AVE,,MIDLAND,TX,79707,9/30/2019,9/8/2000,432 694 7565,SP,901,,www.,mylife.com
135,HOWARD W GRAY JR DBA GRAY ENGINEERING SERVICES,1905 Hampshire Drive,,GRAND PRAIRIE,TX,75050,9/30/2019,9/8/2000,9726602900,SP,904,,www.,buzzfile.com
136,GRW Engineers Inc,801 Corporate Dr.,,Lexington,KY,40503,9/30/2020,9/8/2000,859-223-3999,NS,905,,www.,grwinc.com
137,HINOJOSA ENGINEERING INC,108 W 18TH ST,,MISSION,TX,78572,9/30/2019,9/8/2000,9565810143,NS,908,,www.,hengineering.com
138,"HORIZON STRUCTURAL SYSTEMS, INC.",3950 HWY 46 W STE 200,,NEW BRAUNFELS,TX,78132,9/30/2020,9/8/2000,830 629 8000,NS,911,,www.,horizonstructural.com
139,James T Rodriguez Consulting Engineers Inc,412 W Rhapsody Dr,,San Antonio,TX,78216-3110,9/30/2019,9/8/2000,210 496 0960,NS,917,,www.,linkedin.com
140,JOHN M COTTERELL PE INC,4525 MCCRARY RD,,RICHMOND,TX,77406,9/30/2019,9/8/2000,281-496-6666,SP,922,,www.,manta.com
141,"Kennedy Consulting, Inc.",205 E University Ave,Suite 450,Georgetown,TX,78626,9/30/2019,9/8/2000,512 864 2833,NS,926,,www.,dnb.com
142,KIMLEY-HORN & ASSOCIATES INC,421 FAYETTEVILLE STREET,SUITE 600,RALEIGH,NC,27601,9/30/2019,9/8/2000,919 677 2000,NS,928,,www.,kimley-horn.com
143,"RPS Infrastructure, Inc. DBA RPS","20405 Tomball Parkway, Ste. 200",,HOUSTON,TX,77070,9/30/2020,9/8/2000,281-448-6188,NS,929,,www.,rpsins.com
144,"Lea + Elliott, Inc DBA Lea + Elliott, Inc","2505 N State Hwy 360, #750",,Grand Prairie,TX,75050,9/30/2019,9/8/2000,972 890 9800,NS,936,,www.,leaelliott.com
145,LG Environmental Engineering,1025 Woodbury Falls Drive,,Nashville,FL,37221,9/30/2019,9/8/2000,4074163430,SP,937,,www.,facebook.com
146,"Lucien T. Vivien, Jr. & Associates, Inc.",P O Box 9460,,Metairie,LA,70055-9460,9/30/2020,9/8/2000,504 218 5409,NS,938,,www.,vivienengineers.com
147,MARTIN SACHNIK PE,2405 Copper Sky Dr.,,Pearland,TX,77584,9/30/2020,9/8/2000,281-809-5805,SP,940,,www.,address.mylife.com
148,MARVIN E BEASLEY PE DBA JDS CONSULTING,5206 BRAESVALLEY DR,,HOUSTON,TX,77096-2545,9/30/2019,9/8/2000,713 662 3083,SP,941,,www.,bels.alabama.gov
149,MAXWELL ENGINEERING PLLC,911 PANORAMA DR,,KERRVILLE,TX,78028,9/30/2020,9/8/2000,8308950032,SP,943,,www.,linkedin.com
150,MCCLESKEY CONSULTING INC,26500 AGOURA RD - PMB 564,,CALABASAS,CA,91302,9/30/2019,9/8/2000,818-880-6253,SP,944,,www.,manta.com
151,"Nelson Architectural Engineers, Inc. DBA Nelson Forensics","2740 Dallas Parkway, Suite 220",,Plano,TX,75093,9/30/2020,9/8/2000,469-429-9000,NS,950,,www.,nelsonforensics.com
152,NICHOLAS CONSULTING GROUP INC,600 N MARIENFELD STE 390,,MIDLAND,TX,79701,9/30/2020,9/8/2000,4325708093,NS,951,,www.,thencg.com
153,NTB ASSOCIATES INC,525 Louisiana Ave.,,Shreveport,LA,71101,9/30/2020,9/8/2000,3182269199,NS,955,,www.,ntbainc.com
154,OWENS FORENSIC ENGINEERING INC,10215 BRIAR DR,,HOUSTON,TX,77042,9/30/2020,9/8/2000,713 829 1113,SP,956,,www.,owensforensic.com
155,Page Southerland Page LLP DBA PageSoutherlandPage,Attn:  Mechelle Strange,"1800 Main Street, Suite 123",Dallas,TX,75201,9/30/2020,9/8/2000,214-522-3900,NS,958,,www.,pagethink.com
156,"PaveTex Engineering, LLC","1500 Broadway, Suite 1117",,Lubbock,TX,79401,9/30/2019,9/8/2000,8068538693,NS,961,,www.,pavetex.com
157,"Stokes & Associates, Inc.",P. O. Box 1114,,Henderson,TX,75653-1114,9/30/2019,9/8/2000,903 657 7558,NS,967,,www.,stokesandassociates.com
158,TDIndustries Inc,13850 Diplomat Drive,,Dallas,TX,75234,9/30/2020,9/8/2000,9728889500,NS,968,,www.,tdindustries.com
159,K C ENGINEERING INC,705 N HWY 281 ,STE 103,MARBLE FALLS,TX,78654,9/30/2020,9/15/2000,8306935635,NS,977,,www.,kcengineering.com
160,Jimmy L Laurence PE,421 Wilma Dr,,Corpus Christi,TX,78412,9/30/2019,9/15/2000,3615630461,SP,978,,www.,mylife.com
161,"Arcadis CE, Inc.",Attn: Kim Lasnicki,"110 West Fayette St., Suite 300",Syracuse,NY,13202,9/30/2019,9/15/2000,315-671-9132,NS,979,,www.,opengovus.com
162,Pond Robinson & Associates LP,2591 Dallas Pky Ste 500,,Frisco,TX,75034,9/30/2019,9/15/2000,9727326400,NS,984,,www.,pondrobinson.com
163,Michael D Porter PE,1111 Hermann Drive #20C,,Houston,TX,77004,9/30/2019,9/15/2000,7135261992,SP,985,,www.,linkedin.com
164,"POWER Engineers, Incorporated",PO BOX 1066,,HAILEY,ID,83333,9/30/2020,9/15/2000,2087883456,NS,988,,www.,powereng.com
165,PROGRESSIVE ENGINEERING SERVICES LLC,31950 OAK RIDGE PKY,,BULVERDE,TX,78163,9/30/2020,9/15/2000,210-827-9998,NS,992,,www.,manta.com
166,THE RAYMOND CORPORATION CONSULTING ENGINEERS,32938 Tamina Rd,# 101,Magnolia,TX,77354,9/30/2020,9/15/2000,281-440-7211,NS,997,,www.,manta.com
167,SUMMATION ENTERPRISE LP DBA SYSTEM ENGINEERING & LABORATORIES (SEAL),12785 STATE HWY 64 E,,TYLER,TX,75707,9/30/2019,9/15/2000,18006240905,NS,998,,www.,sealcorp.com
168,TARPLEY ENGINEERING,308 S HARDING STREET,,BRECKENRIDGE,TX,76424-4118,9/30/2019,9/15/2000,2545595323,SP,1000,,www.,engineerunion.org
169,WOOLPERT INC,4454 IDEA CENTER BLVD.,Attn: Colinda Shields,DAYTON,OH,45430,9/30/2019,9/15/2000,937-461-5660,NS,1001,,www.,opencorporates.com
170,Adams Consulting Engineers Inc DBA Adams Engineering,8951 Cypress Waters Blvd,Suite 150,Dallas,TX,75019,9/30/2020,9/22/2000,8173283200,NS,1002,,www.,adams-engineering.com
171,AGNEW ASSOCIATES INC,13033 QUAKER AVE.,SUITE A,LUBBOCK,TX,79423,9/30/2019,9/22/2000,806-799-0753,NS,1005,,www.,agnewassociates.com
172,"Alderson & Associates, Inc.",7700 Torino #101,,San Antonio,TX,78229,9/30/2019,9/22/2000,2106141110,NS,1008,,www.,alderson-inc.com
173,ALPHA CONSULTING ENGINEERS INC,"10609 IH-10 West, Suite 203",,SAN ANTONIO,TX,78230,9/30/2020,9/22/2000,2102273647,NS,1010,,www.,alphaconsultingengineers.com
174,AQUA ENGINEERING INC,375 E Horsetooth Raod,"Bldg., 2-202",FORT COLLINS,CO,80525,9/30/2020,9/22/2000,9702299668,NS,1012,,www.,aquaengineering.com
175,"A2H, Inc.",3009 Davies Plantation Rd,,Lakeland,TN,38002,9/30/2019,9/22/2000,901-372-0404,NS,1013,,www.,a2h.com
176,"Atkinson Engineering, Inc.",809 Ridge View Dr,,Leander,TX,78641-2959,9/30/2020,9/22/2000,512-528-6058,NS,1016,,www.,atkinsonusa.com
177,AUBREY L WESSON PE,PO BOX 501096,,INDIANAPOLIS,IN,46250-6096,9/30/2019,9/22/2000,3178267974,SP,1017,,www.,linkedin.com
178,AUSTIN CIVIL ENGINEERING INC,9501B Manchaca Rd Suite 220,,AUSTIN,TX,78748,9/30/2020,9/22/2000,512 306 0018,NS,1018,,www.,austincivil.com
179,B J MEHTA INC,754 TIMBERHILL,,HOUSTON,TX,77024,9/30/2020,9/22/2000,713-320-2140,SP,1023,,www.,manta.com
180,"B P Huddleston & Co., Inc. DBA Huddleston & Co., Inc.","9805 Katy Freeway, Ste. 500",,Houston,TX,77024,9/30/2020,9/22/2000,7132091100,NS,1024,,www.,huddlestonco.com
181,"BAKER, W.E., INC.",15217 S Padre island Dr. Suite  203,,Corpus Christi,TX,78418,9/30/2019,9/22/2000,361-949-7711,SP,1025,,www.,mapquest.com
182,Basharkhah Engineering Inc,13101 Preston Road,Suite 601,Dallas,TX,75240-5232,9/30/2019,9/22/2000,214-659-9000,NS,1026,,www.,beitexas.com
183,BAUGH CONSULTING ENGINEERS INC,19210 Cohen Green Ln,,Houston,TX,77094,9/30/2019,9/22/2000,713-419-8683,SP,1028,,www.,manta.com
184,"GRINER ENGINEERING, INC.",3125 5th Ave N,Suite 300,ST PETERSBURG,FL,33713,9/30/2020,9/22/2000,727-822-2335,NS,1033,,www.,grinerengineers.com
185,"Big ""D"" Engineering",P. O. Box 721025,,Mcallen,TX,78504,9/30/2019,9/22/2000,9569603201,SP,1034,,www.,linkedin.com
186,"Keith R. Marsh, P.E.",2201 Oak Knoll Court,,Colleyville,TX,76034-4488,9/30/2020,9/22/2000,817 925 7528,SP,1037,,www.,engineerlookup.com
187,"BARD, RAO + ATHANAS CONSULTING ENGINEERS, LLC DBA BARD, RAO + ATHANAS CONSULTING ENGINEERS, PLLC",10 Guest Street,,Boston,MA,2135,9/30/2020,9/22/2000,617 925 8202,NS,1042,,www.,brplusa.com
188,"Britt, Peters & Associates, Inc.",P. O. Box 336,,Greenville,SC,29602,9/30/2020,9/22/2000,864 271 8869,NS,1045,,www.,brittpeters.com
189,"BGE, Inc. DBA Brown & Gay Engineers, Inc.","10777 Westheimer Rd., Ste. 400",,Houston,TX,77042,9/30/2019,9/22/2000,281-558-8700,NS,1046,,www.,bgeinc.com
190,CARPENTER WRIGHT ENGINEERS PLLC,1940 Air Lane Drive,Suite 200,NASHVILLE,TN,37210,9/30/2019,9/22/2000,6157820100,NS,1053,,www.,linkedin.com
191,CBK SOILS ENGINEERING INC,2108 ENTERPRISE BLVD,,LAKE CHARLES,LA,70601,9/30/2019,9/22/2000,337 494 1239,SP,1056,,www.,engineerunion.org
192,CHANDLER ENGINEERING & DEVELOPMENT,391 DIANA LN,,STEPHENVILLE,TX,76401-1679,9/30/2019,9/22/2000,2549686796,SP,1059,,www.,chandlereng.com
193,CHARLES I MCGINNIS PE,1904 PATRIOTS COLONY DR.,,WILLIAMSBURG,VA,23188-1420,9/30/2020,9/22/2000,757-208-0255,SP,1060,,www.,linkedin.com
194,CHICA & ASSOCIATES INC,505 ORLEANS STE 106,,BEAUMONT,TX,77701,9/30/2020,9/22/2000,4098334343,NS,1062,,www.,chica-assoc.com
195,CHRISTY/COBB INC,2320 HIGHLAND AVE SOUTH STE 100,,BIRMINGHAM,AL,35205,9/30/2019,9/22/2000,2059331080,NS,1064,,www.,christycobb.com
196,CHUBB ENGINEERING LLC,PO BOX 605,,PARSONS,KS,67357,9/30/2020,9/22/2000,6204213351,NS,1065,,www.,chubbengineering.com
197,"Cimarron Capital, Inc. DBA Soltero Resources",7127 Hillgreen Dr,,Dallas,TX,75214,9/30/2020,9/22/2000,2143362864,SP,1066,,www.,linkedin.com
198,CLEARY BUILDING CORP,PO BOX 930220,,VERONA,WI,53593,9/30/2020,9/22/2000,6088459700,NS,1067,,www.,clearybuilding.com
199,"CME Testing & Engineering, Inc.",320 Graham Rd,,College Station,TX,77845,9/30/2019,9/22/2000,979-690-3600,NS,1068,,www.,cmetesting.com
200,COASTAL BEND CONSULTANTS INC,2808 Traylor Blvd,,Rockport,TX,78382,9/30/2020,9/22/2000,7134555792,NS,1069,,www.,manta.com
201,"Compliance Services Group, Inc.","5202 County Road 7350, Ste. A",,Lubbock,TX,79424,9/30/2020,9/22/2000,806 748 0040,NS,1070,,www.,csg.net
202,COMPREHENSIVE ENGINEERING SOLUTIONS INC,319 S 1st St.,,Temple,TX,76504,9/30/2019,9/22/2000,254 742 2050,NS,1071,,www.,ces-texas.com
203,CORBETT TECHNOLOGY,2801 B CARDINAL DR,,MANCHACA,TX,78652,9/30/2019,9/22/2000,512415-3744,SP,1073,,www.,yellowpages.com
204,Counsilman/Hunsaker & Associates Inc DBA Counsilman/Hunsaker,10733 Sunset Office Drive,Suite 400,St. Louis,MO,63127,9/30/2019,9/22/2000,3148941245,NS,1075,,www.,counsilmanhunsaker.com
205,"Custom Engineering, Inc. DBA Custom MEP Engineering, Inc.",12760 E. US Hwy. 40,,Independence,MO,64055-5927,9/30/2020,9/22/2000,8163501473,NS,1080,,www.,customengr.com
206,DAN GREEN ENGINEERING INC,3230 Triangle Dr,,SALEM,OR,97302,9/30/2019,9/22/2000,5033912309,NS,1082,,www.,facebook.com
207,DAVID A BRADSHAW,5401 72ND ST,,LUBBOCK,TX,79424,9/30/2019,9/22/2000,806 798 3388,SP,1084,,www.,linkedin.com
208,STEITLE TRAFFIC ENGINEERING INC,20770 US HIGHWAY 281 N,STE 108-435,SAN ANTONIO,TX,78258-7500,9/30/2020,9/22/2000,2103669458,SP,1085,,www.,opencorporates.com
209,DAVID GRISSOM CONSULTING ENGINEER,10802 VICKIJOHN CT,,HOUSTON,TX,77071,9/30/2020,9/22/2000,7139747569,SP,1086,,www.,angieslist.com
210,"Deaton Engineering, Inc.",P O Box 5063,,Georgetown,TX,78627,9/30/2019,9/22/2000,512 930 9908,NS,1089,,www.,deatonengineering.com
211,Dekker/Perich/Sabatini Ltd,7601 Jefferson NE Ste 100,,Albuquerque,NM,87109,9/30/2020,9/22/2000,5057619700,NS,1092,,www.,dpsdesign.org
212,"DEL RIO ENGINEERING, INC.",PO BOX 220251,,EL PASO,TX,79913,9/30/2019,9/22/2000,915 833 2400,NS,1093,,www.,delrioengineering.net
213,DETAIL DESIGN INC,12125 ANN LANE,,HOUSTON,TX,77064,9/30/2020,9/22/2000,281 890 4715,NS,1097,,www.,detaildesigninc.com
214,DICKERSON ENGINEERING INC,3343 N Ridge Avenue,,Arlington Heights,IL,60004,9/30/2019,9/22/2000,8479660290,NS,1098,,www.,dei-pe.com
215,DLR GROUP INC,6457 Frances St,Suite 200,OMAHA,NE,68106-2280,9/30/2019,9/22/2000,402-972-4084,NS,1099,,www.,dlrgroup.com
216,DLR GROUP INC OF KANSAS,6457 Frances St.,Suite 200,Omaha,KS,68106-2280,9/30/2019,9/22/2000,402-972-4084,NS,1100,,www.,dlrgroup.com
217,DLR GROUP INC OF TEXAS,6457 Frances St,Suite 200,OMAHA,TX,68106-2280,9/30/2019,9/22/2000,402-972-4084,NS,1101,,www.,dlrgroup.com
218,DON RAY GEORGE & ASSOCIATES INC DBA DON RAY GEORGE & ASSOCIATES,1604 Rio Grande Street,,Austin,TX,78703,9/30/2020,9/22/2000,5124761245,NS,1104,,www.,drgainc.com
219,DOUGLAS D LEE & ASSOCIATES,6150 FOXGLOVE COURT,,FT. WORTH,TX,76112,9/30/2020,9/22/2000,817-457-7030,SP,1106,,www.,porch.com
220,FM ADVISORS INC DBA DREBELBIS ENGINEERING,2909 COLE AVE STE 100,,DALLAS,TX,75204-1304,9/30/2019,9/22/2000,214-468-8118,SP,1110,,www.,drebelbisengineering.com
221,DUCKS UNLIMITED INC,c/o 193 Business Park Drive,Suite E,Ridgeland,MS,39157,9/30/2020,9/22/2000,601-956-1936,NS,1112,,www.,ducks.org
222,DUKE ELECTRIC CO INC,PO BOX 267,,AMARILLO,TX,79105,9/30/2020,9/22/2000,8063766248,NS,1113,,www.,dukeelec.com
223,Dunaway Associates LP,"550 Bailey Avenue, Ste. 400",,Fort Worth,TX,76107,9/30/2020,9/22/2000,817-335-1121,NS,1114,,www.,dunawayassociates.com
224,Dunham Associates Inc,50 South Sixth St Ste 1100,,Minneapolis,MN,55402,9/30/2019,9/22/2000,6124657550,NS,1115,,www.,dunhameng.com
225,E. E. Runyan Petroleum Engineers,P O box 51588,,Midland,TX,79710,9/30/2020,9/22/2000,432 682 7375,SP,1121,,www.,linkedin.com
226,TONY HUMPHREY DBA TONY HUMPHREY ENGINEERING,893 COUNTY RD 3068,,KIRBYVILLE,TX,75956,9/30/2020,9/22/2000,4094233351,SP,1124,,www.,buildzoom.com
227,"Eby Engineers, Inc.",P. O. Box 926037,,Houston,TX,77292-6037,9/30/2019,9/22/2000,713 957 0788,NS,1127,,www.,facebook.com
228,EE CONSULTANTS INC,301 JACKSON ST STE 204,,ALEXANDRIA,LA,71301,9/30/2020,9/22/2000,3184458870,NS,1134,,www.,bbb.org
229,ELLIOTT & HUGHES INC,1001 WEST EULESS BLVD ,SUITE 212,EULESS,TX,76040,9/30/2020,9/22/2000,817 267 1303,NS,1139,,www.,business.heb.org
230,"ENCON INTERNATIONAL, INC",7307 REMCON STE 103,,EL PASO,TX,79912,9/30/2020,9/22/2000,915 833 3740,NS,1140,,www.,enconinternational.com
231,Encotech Engineering Consultants Inc,8500 Bluffstone Cove,Suite B-103,Austin,TX,78759,9/30/2020,9/22/2000,512-338-1101,NS,1141,,www.,encotechengineering.com
232,"EnDeCo Engineers, Inc.",P. O. Box 6319,,Shreveport,LA,71136,9/30/2019,9/22/2000,9039359369,NS,1142,,www.,endeco.net
233,"EnSite USA, Inc.",3100 S. Gessner,Suite 400,Houston,TX,77063,9/30/2020,9/22/2000,713-456-7880,NS,1143,,www.,ensiteusa.com
234,"Engineering Concepts & Design, L. P.","201 Windco Circle, Ste 200",,Wylie,TX,75098,9/30/2020,9/22/2000,9729418400,NS,1145,,www.,ecdlp.com
235,ENGINEERING DESIGN & TESTING CORP,PO BOX 8027,,COLUMBIA,SC,29202,9/30/2019,9/22/2000,803-796-6975,NS,1147,,www.,edtengineers.com
236,ENGINEERING DYNAMICS INC,16117 UNIVERSITY OAK,,SAN ANTONIO,TX,78249,9/30/2019,9/22/2000,210 492 9100,NS,1148,,www.,engdyn.com
237,Engineering Systems Inc,Attn  Linda Taboada,6230 Regency Parkway,Norcross,GA,30071,9/30/2020,9/22/2000,6789903284,NS,1149,,www.,engsys.com
238,Enprotec/Hibbs and Todd Inc,P O Box 3097,,Abilene,TX,79604,9/30/2020,9/22/2000,325-698-5560,NS,1151,,www.,e-ht.com
239,ESDM INC,PO BOX 9599,,THE WOODLANDS,TX,77387,9/30/2019,9/22/2000,2814443300,NS,1153,,www.,thebluebook.com
240,Everett Griffith Jr & Associates Inc,P O Box 1746,,Lufkin,TX,75902,9/30/2020,9/22/2000,9366345528,NS,1156,,www.,everettgriffith.com
241,FITTZ & SHIPMAN INC.,1405 CORNERSTONE COURT,,BEAUMONT,TX,77706,9/30/2020,9/22/2000,409 832 7238,NS,1160,,www.,fittzshipman.com
242,Fluid Systems Inc.,12244 Rathmore Dr.,,El Paso,TX,79928,9/30/2019,9/22/2000,915 856 9420,NS,1161,,www.,mapquest.com
243,FORD ENGINEERING INC,10927 WYE DR STE 104,,SAN ANTONIO,TX,78217,9/30/2019,9/22/2000,210 590 4777,NS,1162,,www.,fordengineering.com
244,FORENSIC ENGINEERS INC,9930 SHADOW WOOD DR.,,HOUSTON,TX,77080,9/30/2020,9/22/2000,713-468-8100,SP,1163,,www.,edtengineers.com
245,Fratto Engineering Inc DBA FEI,"2201 N Collins St, #295",,Arlington,TX,76011,9/30/2019,9/22/2000,817 461 2337,NS,1166,,www.,linkedin.com
246,FREDERICK J DENNICK JR PE DBA F J DENNICK JR PE,402 GLADEVIEW DR,,ROUND ROCK,TX,78681-4917,9/30/2019,9/22/2000,512-915-7298,SP,1168,,www.,tceq.texas.gov
247,"FWT, LLC",P. O. Box 8597,,Ft. Worth,TX,76124-0597,9/30/2019,9/22/2000,8172553060,NS,1170,,www.,dnb.com
248,Gala Engineering Inc,7975 Stage Hills Blvd Ste 5,,Memphis,TN,38133,9/30/2019,9/22/2000,9013848400,NS,1173,,www.,members.memphischamber.com
249,GARY S SWINDELL & ASSOCIATES,333- B Barnes Bridge Rd.,,Sunnyvale,TX,75182,9/30/2019,9/22/2000,214-987-0070,SP,1175,,www.,gswindell.com
250,GBC Design Inc,565 White Pond Drive,,Akron,OH,44320-1123,9/30/2020,9/22/2000,3308360228,NS,1177,,www.,gbcdesign.com
251,SNC-Lavalin Engineers & Constructors Inc,"919 Milam, Suite 1000",,Houston,TX,77002,9/30/2020,9/22/2000,8322946055,NS,1178,,www.,snclavalin.com
252,GeoSyntec Consultants Inc,"900 Broken Sound Pkwy, NW",Suite 200,Boca Raton,TX,33487,9/30/2020,9/22/2000,561-995-0900,NS,1182,,www.,geosyntec.com
253,DAE & Associates Ltd DBA Geotech Engineering and Testing,17407 US Highway 59 North,,Houston,TX,77396,9/30/2020,9/22/2000,7136994000,NS,1183,,www.,geotecheng.com
254,GGC Engineers Inc,11215 Morning Court,,San Antonio,TX,78213,9/30/2020,9/22/2000,2104954745,NS,1184,,www.,manta.com
255,GIBBENS DRAKE SCOTT INC,9201 E 63RD STE 100,,RAYTOWN,MO,64133,9/30/2019,9/22/2000,8163581790,NS,1185,,www.,gdsengr.com
256,GIL ENGINEERING ASSOCIATES INC,506 E BRAKER LN,,AUSTIN,TX,78753-2751,9/30/2019,9/22/2000,5128354203,NS,1186,,www.,gilengineering.com
257,"Grace, Shursen, Moore & Associates, Inc.",PO Box 50790,,Amarillo,TX,79159,9/30/2020,9/22/2000,806 358 6894,NS,1190,,www.,gsm-inc.com
258,KASPER/GRAHAM & ASSOCIATES INC DBA GRAHAM ASSOCIATES INC,600 SIX FLAGS DR STE 500,CENTERPORT III,ARLINGTON,TX,76011-6396,9/30/2019,9/22/2000,817 640 8535,NS,1191,,www.,grahamcivil.com
259,GREEN ENVIRONMENTAL CONSULTING INC,10322 Ivyridge Rd,,Houston,TX,77043-4214,9/30/2019,9/22/2000,7139328950,NS,1192,,www.,manta.com
260,GREGORY L STARK PE,3204 GRETA CT,,COLLEGE STATION,TX,77845,9/30/2020,9/22/2000,979-218-0156,SP,1194,,www.,linkedin.com
261,Griffin Consulting,P. O. Box 218257,,Houston,TX,77218-8257,9/30/2019,9/22/2000,281 347 9551,SP,1197,,www.,manta.com
262,GROUNDWATER SERVICES INC DBA GSI ENVIRONMENTAL INC,2211 NORFOLK STE 1000,,HOUSTON,TX,77098,9/30/2020,9/22/2000,7135226300,NS,1198,,www.,gsi-net.com
263,GSM Consulting Inc DBA GSM Inc,P O Box 50790,,Amarillo,TX,79159,9/30/2020,9/22/2000,806 358 6894,NS,1201,,www.,gsm-inc.com
264,GULRICH ENGINEERING INC,1452 Bobing Drive,,Lewisville,TX,75067,9/30/2019,9/22/2000,9729486971,SP,1203,,www.,manta.com
265,H&M Mechanical Constructors Inc DBA H&M Industrial EPC,5820 Center Street,,Pasadena,TX,77505,9/30/2019,9/22/2000,2819308711,NS,1206,,www.,hm-ec.com
266,"H & M ARCHITECTS/ENGINEERS, INC.",50 SECURITY DR,,JACKSON,TN,38305,9/30/2019,9/22/2000,731-664-6300,NS,1207,,www.,hmcompany.com
267,"Paige Engineering DBA H.G. LEHMAN, III P.E.",7818 VILLAGE OAK DR,,SAN ANTONIO,TX,78233,9/30/2019,9/22/2000,210-687-7298,SP,1212,,www.,paigeeng.com
268,H L MCCRACKEN COMPANY,1331 OAKHURST,,WICHITA FALLS,TX,76302,9/30/2020,9/22/2000,9407678432,NS,1213,,www.,manta.com
269,Ortega Engineering PLLC DBA Ortega Engineering,901 W. Lee St. STE D,,Pharr,TX,78577,9/30/2020,9/22/2000,9566181111,NS,1215,,www.,mapquest.com
270,HALDOR TOPSOE INC,17629 EL CAMINO REAL STE 300,,HOUSTON,TX,77058,9/30/2019,9/22/2000,281 228 5000,NS,1217,,www.,topsoe.com
271,HARGIS ENGINEERS INC,"1201 Third Avenue, Suite 600",,SEATTLE,WA,98101,9/30/2019,9/22/2000,206-448-3376,NS,1220,,www.,linkedin.com
272,Harley Ellis Devereaux Corporation,26913 Northwestern Hwy,Suite #200,Southfield,MI,48033,9/30/2019,9/22/2000,248-262-1500,NS,1221,,www.,bloomberg.com
273,HARRINGTON ENGINEERING INC,PO BOX 140447,,DALLAS,TX,75214,9/30/2020,9/22/2000,2148249324,NS,1224,,www.,manta.com
274,"Harry Jewett Associates, LLC DBA Harry Jewett Associates",307 W. Rhapsody Drive,,San Antonio,TX,78216,9/30/2020,9/22/2000,210-737-3417,NS,1225,,www.,hja.bz
275,"HAWKES & ASSOCIATES, INC",611 South Lake Dallas Drive,,Lake Dallas,TX,75065-2772,9/30/2019,9/22/2000,940-497-4295,NS,1230,,www.,manta.com
276,Hearn Engineering Inc.,PO Box 1104,,Cameron,TX,76520,9/30/2019,9/22/2000,512 310 0176,NS,1234,,www.,manta.com
277,HENDERSON ENGINEERS INC,"Henderson Engineers, Inc.","8345 LENEXA DRIVE, STE 300",LENEXA,KS,66214,9/30/2019,9/22/2000,913-742-5000,NS,1236,,www.,hendersonengineers.com
278,"HENLEY-JOHNSTON & ASSOCIATES, INC",235 MORGAN AVE,,DALLAS,TX,75203-1025,9/30/2020,9/22/2000,2149413808,NS,1238,,www.,henleyjohnston.com
279,"Henry K. Ng Consulting Engineers, Inc. DBA HKN Engineers",5825 Onix Dr.,,El Paso,TX,79912,9/30/2019,9/22/2000,915-833-2100,NS,1239,,www.,facebook.com
280,"Hite & Associates, Inc.","333 Clay Street, Suite 750",,Houston,TX,77002,9/30/2019,9/22/2000,713-654-4141,NS,1245,,www.,hiteinc.com
281,HK Engineering Inc DBA JK Engineering Inc,320 N 12th St,,Nederland,TX,77627,9/30/2019,9/22/2000,4093443073,SP,1246,,www.,manta.com
282,Hubert Consulting Services,22014 Ravenna Ln,,Katy,TX,77450,9/30/2019,9/22/2000,979 824 2126,SP,1251,,www.,manta.com
283,Huckabee & Associates Inc DBA Huckabee,"801 Cherry Street, Suite 500",,Fort Worth,TX,76102,9/30/2019,9/22/2000,8173772969,NS,1252,,www.,huckabee-inc.com
284,"Hugh L. Landrum & Associates, Inc.","1110 Nasa Parkway, Suite 400",,Houston,TX,77058,9/30/2019,9/22/2000,281-549-6060,NS,1254,,www.,hughlandrum.com
285,HULSEY ENGINEERING DBA CLINT HULSEY,P O BOX 477,,LILLIAN,TX,76061-0477,9/30/2020,9/22/2000,817 790 7740,NS,1255,,www.,hulseyengineering.com
286,INDEPTH ENVIRONMENTAL ASSOCIATES INC,1585 Land Fall Circle,,Bartonville,TX,76226,9/30/2019,9/22/2000,8174216644,SP,1263,,www.,indepthenvironmental.com
287,IRA WIESENFELD & ASSOCIATES,7711 SCOTIA DR,,DALLAS,TX,75248,9/30/2019,9/22/2000,2147077711,SP,1266,,www.,bloomberg.com
288,William E Jones,6355 Saddlehorse Lane,,Forest Hill,TX,76119,9/30/2019,9/22/2000,817 534 9366,SP,1267,,www.,beenverified.com
289,J CROZIER BROWN & ASSOCIATES,6915 LUPTON DR,,DALLAS,TX,75225,9/30/2019,9/22/2000,214 373 8710,SP,1269,,www.,facebook.com
290,J R BUTLER & CO,4605 POST OAK PL STE 107,,HOUSTON,TX,77027,9/30/2020,9/22/2000,7139611121,NS,1275,,www.,bloomberg.com
291,J S GROUND ENGINEERING,PO BOX 29377,,DALLAS,TX,75229,9/30/2020,9/22/2000,9722431561,SP,1276,,www.,linkedin.com
292,"JS Smith Consulting Engineers, P.C.",1801 W 32nd St Bldg B Suite 104,,JOPLIN,MO,64804,9/30/2020,9/22/2000,417 624 0444,NS,1277,,www.,jssce.com
293,Wilkins Engineering DBA JOBAK Group,PO Box 1089,,Van Alstyne,TX,75495,9/30/2019,9/22/2000,214-641-1672,SP,1282,,www.,pettit-group.com
294,JAMES E BRADLEY,212 FOX TRAIL,,PARKESBURG,PA,19365,9/30/2019,9/22/2000,7275059941,SP,1285,,www.,addresses.com
295,JAMES E THOMPSON AND ASSOCIATES,1169 COUNTY ROAD 136-A,,ALVIN,TX,77511-1584,9/30/2020,9/22/2000,832-526-0160,SP,1288,,www.,linkedin.com
296,JAMES JOHNSTON & ASSOCIATES INC DBA JJA INC,8150 N CENTRAL EXPY,Ste M2100,DALLAS,TX,75206,9/30/2019,9/22/2000,2147398880,NS,1290,,www.,dunrows.com
297,"JAMES KOWIS CONSULTING, LLC",817 TEXAS TRAIL,,AUSTIN,TX,78737-9676,9/30/2019,9/22/2000,512-656-3416,SP,1291,,www.,linkedin.com
298,JQ Engineering LLP,100 Glass St,,Dallas,TX,75207,9/30/2020,9/22/2000,2147529098,NS,1294,,www.,jqeng.com
299,JAVIER HINOJOSA ENGINEERING,416 E DOVE AVE,,MCALLEN,TX,78504,9/30/2020,9/22/2000,9566681588,NS,1295,,www.,linkedin.com
300,JAY-REESE CONTRACTORS INC,32780 RANCH ROAD 12,,DRIPPING SPRINGS,TX,78620,9/30/2020,9/22/2000,5128295360,SP,1296,,www.,jayreese.net
301,JAYMARK ENGINEERING CORPORATION,"3730 Cypress Creek Parkway, Suite 108",,Houston,TX,77068,9/30/2020,9/22/2000,3463161181,NS,1297,,www.,jaymarkengineering.com
302,JDPE STRUCTURAL ENGINEERING,9308 McCabe,,EL PASO,TX,79925,9/30/2020,9/22/2000,915 5491627,SP,1300,,www.,porch.com
303,JERRY PARCHE' CONSULTING ENGINEERS,1301 SOUTH BOWEN RD STE 300,,ARLINGTON,TX,76013,9/30/2020,9/22/2000,8174601601,NS,1302,,www.,jerryparcheconsultingengineers.com
304,Jesse P Rodriguez PE,1632 Bayland St,,Round Rock,TX,78664,9/30/2019,9/22/2000,5125352251,SP,1303,,www.,abc.austintexas.gov
305,JIM D HILL PE CONSULTING ENGINEER,P.O. Box 65266,,Lubbock,TX,79464,9/30/2019,9/22/2000,806-535-3539,SP,1304,,www.,dandb.com
306,JOB ENGINEERING,PO BOX 244,,TEHUACANA,TX,76686,9/30/2019,9/22/2000,2543954405,SP,1306,,www.,salary.com
307,JOHN D GRUBBS PE,14303 APPLE TREE RD,,HOUSTON,TX,77079-6622,9/30/2019,9/22/2000,281-413-0354,SP,1314,,www.,linkedin.com
308,"John F. Reglin, P.E.",2612 Briarcove Dr.,,Plano,TX,75074,9/30/2019,9/22/2000,972 423 8558,SP,1315,,www.,manta.com
309,"John J. Guth Associates, Inc.",208 Milam Street,,Shreveport,LA,71101,9/30/2020,9/22/2000,318-221-8638,NS,1316,,www.,johnjguthassociates-inc.business.site
310,"JOHN L. WILSON & ASSOCIATES, INC. DBA WILSON & ASSOCIATES INC",PO BOX 338,,Harrison,AR,72602,9/30/2019,9/22/2000,210-215-7012,NS,1317,,www.,manta.com
311,JOHN T EVANS PE PLLC,7614 WEDGEWOOD LN,,HOUSTON,TX,77055-6843,9/30/2019,9/22/2000,7138051437,SP,1320,,www.,opencorporates.com
312,Johnson Spellman & Associates Inc,350 Research Ct,Ste 130,Peachtree Corners,GA,30092,9/30/2019,9/22/2000,7704474555,NS,1326,,www.,jsace.com
313,JOHNSTON BURKHOLDER ASSOCIATES LLC,930 CENTRAL ST,,KANSAS CITY,MO,64105,9/30/2019,9/22/2000,8164214200,NS,1327,,www.,linkedin.com
314,"Jonathan A Cooper, Engineer",P O Box 830834,,Richardson,TX,75083,9/30/2019,9/22/2000,214-695-6717,SP,1328,,www.,angieslist.com
315,JOSE JIMENEZ JR,1206 WAGNER LN,,EL PASO,TX,79903,9/30/2019,9/22/2000,915-533-8840,SP,1329,,www.,legacy.com
316,K K ENGINEERING CONSULTANT,PO BOX 3422,,MCALLEN,TX,78502,9/30/2019,9/22/2000,9566302125,SP,1334,,www.,manta.com
317,KARL WILLIAMS PE,575 RIMROCK,,KERRVILLE,TX,78028,9/30/2020,9/22/2000,8309287277,SP,1335,,www.,facebook.com
318,"KDA RESOURCES, INC.",802 MEADOW LARK AVE,,FRIENDSWOOD,TX,77546,9/30/2020,9/22/2000,281 482 1361,NS,1338,,www.,mapquest.com
319,"Kaluza, Inc.",3014 AVENUE I,,ROSENBERG,TX,77471,9/30/2019,9/22/2000,281 341 0808,NS,1339,,www.,kaluzainc.com
320,"Kelm Engineering, LLC",13711 Banks View Ct,,Houston,TX,77059,9/30/2020,9/22/2000,281-993-3717,NS,1340,,www.,kelmengineering.com
321,KENNEDY/JENKS CONSULTANTS INC,38977 Sky Canyon Drive,,Murietta,CA,92590,9/30/2019,9/22/2000,914-843-3158,NS,1341,,www.,kennedyjenks.com
322,"J Shehan Engineering, PC",P. O. Box 150,,Canyon,TX,79015,9/30/2020,9/22/2000,8065574090,NS,1343,,www.,jse-ce.net
323,Kimbrough Engineering Company LLC,1001 W. Wall Street,,Midland,TX,79701,9/30/2019,9/22/2000,432 682 2500,SP,1344,,www.,manta.com
324,KINLER OIL & GAS INC,3122 TIMBER VILLAGE DR,,HOUSTON,TX,77068-3826,9/30/2019,9/22/2000,281 537 2972,SP,1345,,www.,manta.com
325,KLUGHART ENGINEERING INC,3825 Leisure Ln,,Denton,TX,76210-5589,9/30/2020,9/22/2000,940 320 0580,SP,1349,,www.,manta.com
326,"Koegel Associates/Koegel, Rovello, Wuistinger, Hubbell, Breaseale, Inc. DBA Koegel Associates, Inc.","2626 Cole Ave., Ste. 220 (LB-6)",,Dallas,TX,75204,9/30/2020,9/22/2000,214-754-9096,NS,1352,,www.,koegelengineers.com
327,KORDA/NEMETH ENGINEERING INC,1650 Watermark Drive,Suite 200,Columbus,OH,43215,9/30/2019,9/22/2000,614-487-1650,NS,1353,,www.,korda.com
328,Kraft Engineers,3095 Club Dr. #207,,bryan,TX,77807,9/30/2020,9/22/2000,713 805 3898,SP,1354,,www.,manta.com
329,"KSA Engineers, Inc. DBA KSA",Attn:  Sheila Rogers,"140 E. Tyler St., Suite 600",Longview,TX,75601,9/30/2019,9/22/2000,903 236 7700,NS,1356,,www.,ksaeng.com
330,LA ROCHE PETROLEUM CONSULTANTS LTD,"2435 N. Central Expresswy, Suite 1500",,Richardson,TX,75080,9/30/2020,9/22/2000,2143633337,NS,1360,,www.,larocheltd.com
331,LANDGRAF CRUTCHER & ASSOCIATES INC DBA LCA,521 N TEXAS,,ODESSA,TX,79761,9/30/2019,9/22/2000,4323325058,NS,1363,,www.,manta.com
332,"Landtech, Inc.",2525 North Loop West Ste 300,,Houston,TX,77008-1094,9/30/2019,9/22/2000,713 861 7068,NS,1364,,www.,facebook.com
333,"Larry E. Lee, P.E.",9027 Eldora Dr.,,Houston,TX,77080,9/30/2020,9/22/2000,7134624874,SP,1366,,www.,linkedin.com
334,"Dialectic, Inc.",310 W. 20th St.,Suite 200,Kansas City,MO,64108,9/30/2019,9/22/2000,8169979601,NS,1367,,www.,dialecticeng.com
335,LAZENBY & ASSOCIATES INC,2000 North 7th Street,,WEST MONROE,LA,71291,9/30/2020,9/22/2000,318 387 2710,NS,1372,,www.,lazenbyengr.com
336,Larry Brooks DBA LB Associates,13675 Mescalero Trail,,Amarillo,TX,79118,9/30/2019,9/22/2000,806 622 1589,SP,1373,,www.,dexknows.com
337,Lentz Engineering LLC DBA Lentz Engineering,11511 North Garden Street,,Houston,TX,77071,9/30/2020,9/22/2000,7138398900,NS,1378,,www.,lentzengineering.net
338,Lewis Architects Engineers,11225 Huron Ln Ste 104,,Little Rock,AR,72211,9/30/2020,9/22/2000,501 223 9302,NS,1381,,www.,lemvrw.com
339,Lingle Corporation DBA Lingle Engineers,7001 Westchester Court,,McKinney,TX,75072,9/30/2020,9/22/2000,214-544-9000,NS,1385,,www.,bbb.org
340,"LJA Engineering, Inc.","2929 Briarpark Dr, Ste 600",,Houston,TX,77042,9/30/2019,9/22/2000,7139535200,NS,1386,,www.,lja.com
341,LONE STAR ENGINEERING,314 CREEK LOOP RD,,BASTROP,TX,78602,9/30/2020,9/22/2000,210846-8085,SP,1387,,www.,lonestar.edu
342,"LTK Consulting Services, Inc. DBA LTK Engineering Services",100 W Butler Avenue,,Ambler,PA,19002,9/30/2019,9/22/2000,215 542 0700,NS,1389,,www.,ltk.com
343,"LUIS S. FARAKLA, PE",1135 W WOODLAWN,,SAN ANTONIO,TX,78201,9/30/2019,9/22/2000,210 734 8500,NS,1390,,www.,facebook.com
344,LKPB Engineers Inc,3001 Broadway Street NE,Suite 601,Minneapolis,MN,55413,9/30/2019,9/22/2000,6125405000,NS,1391,,www.,usgbc.org
345,LYSAGHT & ASSOCIATES PA,120 SAINT MARY'S ST,,RALEIGH,NC,27605,9/30/2020,9/22/2000,9198330495,NS,1393,,www.,lysaghtassociates.com
346,M & S ENGINEERING LLC,P O BOX 970,,SPRING BRANCH,TX,78070,9/30/2020,9/22/2000,830-228-5446,NS,1394,,www.,msengr.com
347,MGN CONSULTING ENGINEERS INC,"635 Butterfield Road, Suite 310",,Oakbrook Terrace,IL,60181,9/30/2019,9/22/2000,6306276078,NS,1398,,www.,mgn.engineering
348,MALONEY ASSOCIATES CONSULTING ENGINEERS INC,1228 TRAILWOOD DR,,HURST,TX,76053,9/30/2019,9/22/2000,817 268 0383,NS,1400,,www.,manta.com
349,MALOUF ENGINEERING INTERNATIONAL INC,17950 PRESTON RD STE 720,,DALLAS,TX,75252-5635,9/30/2020,9/22/2000,9727832578,NS,1401,,www.,maloufengineering.com
350,William S Granek DBA Management Resource Associates,4 CHELSEA BLVD   APT# 1419,,Houston,TX,77006-6269,9/30/2019,9/22/2000,713 252 6061,SP,1402,,www.,ncblg.org
351,MAR TECH ENGINEERING INC,PO BOX 13446,,MONROE,LA,71213,9/30/2019,9/22/2000,3183453075,NS,1404,,www.,manta.com
352,MARINE DESIGN TECHNOLOGY INC,"6666 S. Sheridan Rd., Suite 205",,TULSA,OK,74133,9/30/2020,9/22/2000,9186281373,NS,1406,,www.,indeed.com
353,MARINE DEVELOPMENT INC,HC 62 BOX B1,,EUFAULA,OK,74432,9/30/2019,9/22/2000,918 689 7726,NS,1407,,www.,marinedev.com
354,MARTIN RUMBAUGH PE,2903 PERRY LN,,AUSTIN,TX,78731,9/30/2019,9/22/2000,512-771-6344,SP,1414,,www.,linkedin.com
355,Martinez Guy & Maybik Inc,6000 S Staples Ste 207,,Corpus Christi,TX,78413,9/30/2019,9/22/2000,3618143070,NS,1415,,www.,mgm-inc.com
356,Martinez Wright and Mendez Inc DBA MWM DesignGroup,305 East Huntland Drive,Suite 200,Austin,TX,78752,9/30/2020,9/22/2000,5124530767,NS,1416,,www.,mwmdesigngroup.com
357,"MAS-TEK Engineering & Associates, Inc.",10625 Newkirk Street,Suite 800,Dallas,TX,75220,9/30/2019,9/22/2000,972 709 7384,NS,1418,,www.,mas-tek.com
358,"MATTHEWS ENGINEERING INC DBA Matthews Engineering, Inc.",4312 CALL FIELD RD STE 200,,WICHITA FALLS,TX,76308,9/30/2019,9/22/2000,940 692 3929,NS,1422,,www.,manta.com
359,Maverick Engineering Inc,"120 S. Main Street, Suite 350",,Victoria,TX,77901,9/30/2019,9/22/2000,3615507099,NS,1424,,www.,maveng.com
360,McDonnell Engineering,P O Box 2193,,Georgetown,TX,78627,9/30/2020,9/22/2000,512 819 0990,SP,1427,,www.,manta.com
361,MCGINNIS & ASSOCIATES CONSULTING ENGINEERS INC,1110 WESTMARK DR,,ST. LOUIS,MO,63131-1735,9/30/2020,9/22/2000,3148351224,NS,1429,,www.,mcginnisstructural.com
362,MELDEN & HUNT INC,115 W MCINTYRE,,EDINBURG,TX,78541,9/30/2019,9/22/2000,956 381 0981,NS,1435,,www.,meldenandhunt.com
363,MEYER ENGINEERING & PLANNING,4005 CORONADO DR,,PLANO,TX,75074,9/30/2019,9/22/2000,9728146461,SP,1437,,www.,thebluebook.com
364,MEYER BORGMAN & JOHNSON INC,"510 Marquette Ave, Suite 900",,MINNEAPOLIS,MN,55402,9/30/2020,9/22/2000,6123380713,NS,1438,,www.,mbjeng.com
365,MID-SOUTH ENGINEERING COMPANY,PO BOX 1399,,HOT SPRINGS,AR,71902,9/30/2019,9/22/2000,501-321-2276,NS,1440,,www.,mseco.com
366,"Miller and Lents, Ltd DBA Miller and Lents",909 Fannin Ste 1300,,Houston,TX,77010,9/30/2020,9/22/2000,713 651 9455,NS,1442,,www.,millerandlents.com
367,MITCHELL & MORGAN LLP,3204 Earl Rudder Fwy South,,College Station,TX,77845,9/30/2019,9/22/2000,979 260 6963,NS,1443,,www.,mitchellandmorgan.com
368,MLB ENGINEERING,1037 Cypress Point,,Mansfield,TX,76063,9/30/2019,9/22/2000,817-437-3434,SP,1445,,www.,mlbengineers.com
369,MOK Associates Inc,P O BOX 201459,,ARLINGTON,TX,76006-1459,9/30/2019,9/22/2000,4692225344,SP,1447,,www.,corporationwiki.com
370,"Morris & Associates Engineers, Inc.",14139 Huffmeister Rd.,,Cypress,TX,77429-1805,9/30/2019,9/22/2000,281 855 6433,NS,1449,,www.,morrisassoc.com
371,Nathan D Smith PE,106 West First St,,Elgin,TX,78621,9/30/2019,9/22/2000,512 281 3344,SP,1455,,www.,porch.com
372,NATIONAL STRUCTURAL ENGINEERING INC,"2020 North Loop West, Ste 230",,HOUSTON,TX,77018,9/30/2020,9/22/2000,7139562094,NS,1456,,www.,structural.nu
373,NECHES ENGINEERS & CONSTRUCTORS INC DBA NECHES ENGINEERS,8865 COLLEGE ST STE 200,,BEAUMONT,TX,77707,9/30/2019,9/22/2000,409 860 7168,NS,1458,,www.,nechesengineers.com
374,NEMEC & ASSOCIATES INC,PO BOX 404,,HUNTSVILLE,TX,77342-0404,9/30/2019,9/22/2000,9362952846,NS,1459,,www.,manta.com
375,NEWTON B DERBY,11011 FM 830,,WILLIS,TX,77318,9/30/2020,9/22/2000,7135536833,SP,1460,,www.,manta.com
376,NORTH AMERICAN CONTROLS CORP,11602 AEROSPACE AVENUE,BLDG. 510  SUITE 100,HOUSTON,TX,77034,9/30/2019,9/22/2000,281-481-3073,NS,1462,,www.,north-american-controls-corp-in-houston-tx.cityfos.com
377,Hayes Engineering Inc,2126 Alpine St,,Longview,TX,75601-3401,9/30/2020,9/22/2000,9037582010,NS,1465,,www.,hayesengineering.net
378,OLDEN ASSOCIATES,PO BOX 1206,,ROCKWALL,TX,75087,9/30/2020,9/22/2000,9727729500,SP,1470,,www.,oldenassociates.com
379,OTHON INC,11111 WILCREST GREEN DR,STE 128,HOUSTON,TX,77042-4739,9/30/2019,9/22/2000,713-975-8555,NS,1471,,www.,othon.com
380,PE STRUCTURAL CONSULTANTS INC,8436 SPICEWOOD SPRINGS RD,,AUSTIN,TX,78759,9/30/2019,9/22/2000,5122505200,NS,1475,,www.,pestructural.com
381,"PECGA, LLC DBA Palmer Engineering Company",3585 Habersham At Northlake,Building N,Tucker,GA,30084,9/30/2020,9/22/2000,7709089908,NS,1477,,www.,pecga.com
382,PARADIGM CONSULTANTS INC,9980 W. Sam Houston Pkwy. S.,Ste. 500,HOUSTON,TX,77099,9/30/2020,9/22/2000,7136866771,NS,1478,,www.,paradigmconsultants.com
383,"Connect Structural Engineering, Inc.",9330 LBJ Fwy #1000,,Dallas,TX,75243,9/30/2020,9/22/2000,214 221 2220,NS,1479,,www.,connectstructural.com
384,WorleyParsons Group Inc.,575 North Dairy Ashford,,Houston,TX,77079,9/30/2019,9/22/2000,713-407-5052,NS,1480,,www.,bloomberg.com
385,PARSONS TRANSPORTATION GROUP INC,Attn: Licensing,4701 Hedgemore Drive,Charlotte,NC,28209,9/30/2019,9/22/2000,704-558-4067,NS,1481,,www.,manta.com
386,Peterson Associates Consulting Engineers Inc,7201 N Dreamy Draw Dr Ste 200,,Phoenix,AZ,85020,9/30/2019,9/22/2000,6029434116,NS,1486,,www.,mpeconsult.com
387,"Peterson Strehle Martinson Inc DBA PSM Engineers, PSM Engineering, PSM Consulting",2200 6th Ave #601,,Seattle,WA,98121,9/30/2019,9/22/2000,206 622 4580,NS,1487,,www.,psm-engineers.com
388,Petitt & Associates LLC,1651 N Glenville Dr #212,,Richardson,TX,75081,9/30/2019,9/22/2000,214 221 9955,NS,1488,,www.,business.richardsonchamber.com
389,PHASE ENGINEERING INC,5524 Cornish Street,,HOUSTON,TX,77007,9/30/2019,9/22/2000,713 476 9844,NS,1490,,www.,phaseengineering.com
390,"PICKETT, KELM & ASSOCIATES, INC.",4100 DUVAL RD BLDG 4 STE 103,,AUSTIN,TX,78759,9/30/2019,9/22/2000,512 345 5538,NS,1491,,www.,pkainc.com
391,"POLVADO ENGINEERING SERVICES, LLC",9609 Saugus Lane,,AUSTIN,TX,78733,9/30/2019,9/22/2000,512 584 8734,SP,1494,,www.,polvado-engineering.com
392,POWER ENGINEERING SERVICES INC,9179 SHADOW CREEK LANE,,CONVERSE,TX,78109,9/30/2019,9/22/2000,210-590-4936,NS,1496,,www.,pe-svcs.com
393,PRATHER ENGINEERING CONSULTANTS INC,1570 FOX LANE,,BURLESON,TX,76028,9/30/2020,9/22/2000,817 447 8450,NS,1499,,www.,manta.com
394,PRATOR BETT LLC,712 MAIN ST SUITE 1830,,HOUSTON,TX,77002,9/30/2019,9/22/2000,713 224 1350,NS,1500,,www.,pratorbett.com
395,PRO-TECH ENGINEERING GROUP INC,400 Rolling Hills Drive,,Wimberley,TX,78676,9/30/2019,9/22/2000,5129382045,NS,1501,,www.,porch.com
396,PROFESSIONAL COMPLIANCE ASSOCIATES,10718 Bayou Glen Rd,,Houston,TX,77042-1104,9/30/2019,9/22/2000,713 705-4858,SP,1502,,www.,linkedin.com
397,PROFESSIONAL ENGINEERING INSPECTIONS INC,PO BOX 859,,Friendswood,TX,77549,9/30/2020,9/22/2000,7136641264,NS,1503,,www.,profengineering.com
398,PROSSNER & ASSOCIATES INC,13377 POND SPRINGS RD #STE 108-B,,AUSTIN,TX,78729,9/30/2020,9/22/2000,5129183343,NS,1506,,www.,porch.com
399,"Protection Consultants, Inc.",1199 South Main St Ste 101,,Centerville,UT,84014,9/30/2019,9/22/2000,8012956070,NS,1507,,www.,pciut.com
400,"Provident Engineers, Inc",8406 Buffalo Creek Dr.,,Richmond,TX,77406,9/30/2020,9/22/2000,281-313-9393,SP,1508,,www.,peitexas.com
401,PRUITT EBERLY STONE INC,"1852 CENTURY PLACE NE, STE 201",,ATLANTA,GA,30345,9/30/2020,9/22/2000,7704575923,NS,1509,,www.,mapquest.com
402,Purdy McGuire Inc,17300 Dallas Parkway,Suite 3000,Dallas,TX,75248,9/30/2020,9/22/2000,9722395357,NS,1511,,www.,purdy-mcguire.com
403,QUINTANILLA HEADLEY & ASSOCIATES INC,124 E STUBBS ST,,EDINBURG,TX,78539,9/30/2019,9/22/2000,9563816480,NS,1513,,www.,facebook.com
404,Quinton T Colwell & Associates Inc DBA Water Survey Inc,7212 Joliet Ste 9A,,Lubbock,TX,79423,9/30/2019,9/22/2000,806-744-8436,NS,1514,,www.,opencorporates.com
405,"R-DELTA ENGINEERS, INC.",618 MAIN ST,,GARLAND,TX,75040,9/30/2019,9/22/2000,972 494 5031,NS,1515,,www.,rdelta.com
406,R W DIRKS PETROLEUM ENGINEER INC,PO Box 200,,Tuleta,TX,78162,9/30/2019,9/22/2000,361 375 2194,NS,1523,,www.,linkedin.com
407,R W HARDEN & ASSOCIATES INC,9009 Mountain Ridge Dr,#100,Austin,TX,78759,9/30/2019,9/22/2000,5123452379,NS,1524,,www.,rwharden.com
408,RACELECTRIC ENGINEERING,2614 QUAKER DR WEST,,TEXAS CITY,TX,77590,9/30/2020,9/22/2000,409 948 3716,SP,1525,,www.,dandb.com
409,Radford Engineering Company,P. O. Box 1552,,Richardson,TX,75083,9/30/2020,9/22/2000,214 215 4437,SP,1526,,www.,manta.com
410,RD MARWILL & ASSOCIATES,14004 MINT TRAIL,,SAN ANTONIO,TX,78232,9/30/2019,9/22/2000,210 496 6409,SP,1534,,www.,manta.com
411,REVISION GROUP,1730 ASHFORD HOLLOW LANE,,HOUSTON,TX,77077,9/30/2019,9/22/2000,2819445850,SP,1538,,www.,houstonrevision.org
412,RICHARD C COLLINS PROFESSIONAL ENGINEER,1856 CR 257,,GONZALES,TX,78629,9/30/2019,9/22/2000,830-437-2886,SP,1541,,www.,tam.usace.army.mil
413,RICHARD N BERRY PE INC,15102 HEIMER,,SAN ANTONIO,TX,78232,9/30/2019,9/22/2000,2106024050,NS,1542,,www.,rnbfuel.com
414,RIMKUS CONSULTING GROUP INC,8 GREENWAY PLAZA STE 500,,HOUSTON,TX,77046,9/30/2019,9/22/2000,7136213550,NS,1545,,www.,rimkus.com
415,"RIVER CITY ENGINEERING, PLLC",1011 west county line road,,new braunfels,TX,78130,9/30/2019,9/22/2000,830-626-3588,NS,1546,,www.,thebluebook.com
416,"IEA Constructors, LLC",6325 Digital Way Ste 460,,Indianapolis,IN,46278,9/30/2020,9/22/2000,608 280 1534,NS,1547,,www.,ieaconstructors.com
417,ROBERTSON/LOIA/ROOF PC,3460 PRESTON RIDGE RD STE 275,,ALPHARETTA,GA,30005,9/30/2020,9/22/2000,7706742600,NS,1559,,www.,rlrpc.com
418,"ROBISHAW ENGINEERING, INC.",PO BOX 79246,,HOUSTON,TX,77279-9246,9/30/2020,9/22/2000,713 468 1706,NS,1560,,www.,flexifloat.com
419,RODRIGUEZ ENGINEERING BRIDGE INSPECTIONS,8137 OSBORNE DR,,AUSTIN,TX,78729,9/30/2020,9/22/2000,5129893336,NS,1562,,www.,yelp.com
420,Rodriguez Engineering Laboratories LLC DBA Rodriguez Engineering Laboratories; Rodriguez Engineering,13809 TURBINE DR,,AUSTIN,TX,78728,9/30/2020,9/22/2000,5122514454,NS,1563,,www.,mobilityauthority.com
421,ROMEO ENGINEERING INC,4217 HAHN BLVD,,FT. WORTH,TX,76117,9/30/2019,9/22/2000,8176560048,NS,1567,,www.,romeoeng.com
422,Ronald L Berg Engineering Services LLC,22423 Wildwood Grove Dr,,Katy,TX,77450,9/30/2020,9/22/2000,2813925251,SP,1570,,www.,manta.com
423,"Robert J. Ronan, PE",9915 Adobe Drive,,Houston,TX,77095,9/30/2019,9/22/2000,281-861-5228,SP,1571,,www.,linkedin.com
424,RONE ENGINEERING SERVICES LTD,8908 AMBASSADOR ROW,,DALLAS,TX,75247,9/30/2019,9/22/2000,2146309745,NS,1572,,www.,linkedin.com
425,"Thoma Engineering, Inc.","5502 58th St., Ste. 200",,Lubbock,TX,79414-2074,9/30/2020,9/22/2000,8067454881,NS,1575,,www.,thomaengineering.com
426,RUSSELL & SONS CONSTRUCTION CO INC,ATTN: Kevin Wright,"415 N CENTER ST, #4",LONGVIEW,TX,75601,9/30/2020,9/22/2000,9032344542,NS,1578,,www.,russellandsons.com
427,"RW Engineering DBA R.W. Project Management, Inc.; R.W. Engineering & Associates",8043 Highway 164 West,,Mart,TX,76664-5187,9/30/2019,9/22/2000,254 876 8260,NS,1579,,www.,buzzfile.com
428,RYDER SCOTT COMPANY LP,1100 LOUISIANA STE 4600,,HOUSTON,TX,77002,9/30/2019,9/22/2000,7136519191,NS,1580,,www.,ryderscott.com
429,S & B Engineers and Constructors Ltd,P O Box 266245,,Houston,TX,77207,9/30/2020,9/22/2000,713-845-4548,NS,1581,,www.,sbec.com
430,S & B Infrastructure Ltd,Attention Legal Department,7825 Park Place Boulevard,Houston,TX,77087,9/30/2020,9/22/2000,713-845-4548,NS,1582,,www.,mapquest.com
431,S. E. HUEY CO.,PO BOX 2105,,MONROE,LA,71207-2105,9/30/2019,9/22/2000,3183251791,NS,1585,,www.,sehuey.com
432,SA Engineering Company,12719 Spectrum Dr #101,,San Antonio,TX,78249,9/30/2020,9/22/2000,210 561 0808,NS,1586,,www.,porch.com
433,SAM ENGINEERING & TESTING LP,1115 LUKE ST STE 100,,IRVING,TX,75061,9/30/2019,9/22/2000,9727901910,SP,1587,,www.,sameng.net
434,"SCARBOROUGH ENGINEERING, INC.",2400 SCOTT AVE.,,FT. WORTH,TX,76103,9/30/2020,9/22/2000,817 451 6687,NS,1592,,www.,linkedin.com
435,Schneider Engineering Ltd,191 Menger Springs Parkway,,Boerne,TX,78006,9/30/2019,9/22/2000,830-249-3887,NS,1594,,www.,se-texas.com
436,SCHNEIDER STRUCTURAL ENGINEERING INC,12925 WEST DODGE ROAD,SUITE 104,OMAHA,NE,68154,9/30/2020,9/22/2000,402 592 1160,NS,1595,,www.,schneiderstructuralinvestigating.com
437,SDW & ASSOCIATES INC,313 Mayfair Dr.,,Hurst,TX,76054,9/30/2019,9/22/2000,9035201419,NS,1598,,www.,corporationwiki.com
438,SEDA CONSULTING ENGINEERS INC,6735 IH 10 WEST,,SAN ANTONIO,TX,78201,9/30/2020,9/22/2000,210 308 0057,NS,1601,,www.,bbb.org
439,SIDES'LINES CONSULTING & ETC INC,3850 LINE AVE,,SHREVEPORT,LA,71106,9/30/2019,9/22/2000,318 861 3200,SP,1605,,www.,manta.com
440,SIERRA ENGINEERING GROUP,39812 MISSION BLVD. ,SUITE 100,FREMONT ,CA,94539,9/30/2020,9/22/2000,5104450550,NS,1606,,www.,sierraeng.com
441,SIMPSON ENGINEERING COMPANY,13901 Midway Road,Ste. 102-136,DALLAS,TX,75244,9/30/2019,9/22/2000,2143511637,SP,1607,,www.,manta.com
442,Smith Engineering Company,"2201 San Pedro Dr. NE, Building 4",Suite 200,Albuquerque,NM,87110,9/30/2020,9/22/2000,505 884 0700,NS,1610,,www.,smithengineering.pro
443,SMITH-GOTH ENGINEERS INC,3855 S JEFFERSON AVE,,SPRINGFIELD,MO,65807,9/30/2019,9/22/2000,4178822200,NS,1611,,www.,smithgoth.com
444,"SOLORIO, INC.",108 WEST 18TH ST,,MISSION,TX,78572,9/30/2019,9/22/2000,956 631 1500,SP,1616,,www.,solorio.com
445,SPALDING & ASSOCIATES LLC,3824 KELVIN AVE,,FT. WORTH,TX,76133,9/30/2020,9/22/2000,817-996-7691,SP,1619,,www.,opencorporates.com
446,SPECIALTY ENGINEERING,2706 E. Villa Maria #B,,BRYAN,TX,77802,9/30/2020,9/22/2000,979-774-0355,NS,1621,,www.,myairbalance.com
447,Steinman Luevano Structures LLP,5901 Old Fredericksburg Rd.,B101,Austin,TX,78749,9/30/2019,9/22/2000,5128916766,NS,1624,,www.,slstructures.com
448,SMS Engineering,P.O. Box 927,,Katy,TX,77492,9/30/2020,9/22/2000,2813918021,SP,1625,,www.,smsengr.com
449,RW Stone Engineer PLLC,PO Box 545,,Ingleside,TX,78362,9/30/2019,9/22/2000,361 232 4020,SP,1627,,www.,manta.com
450,"Element Materials Technology Houston, Inc. DBA Element Materials Technology",14805 York Town Plaza Dr.,,Houston,TX,77040,9/30/2019,9/22/2000,713 692 9151,NS,1628,,www.,element.com
451,Strand Systems Engineering Inc,10003 Technology Blvd W,,Dallas,TX,75220,9/30/2019,9/22/2000,9726208204,NS,1629,,www.,strandae.com
452,SWH ENGINEERING,3910 BALCONES DR,,AUSTIN,TX,78731,9/30/2019,9/22/2000,512 452 1532,SP,1635,,www.,mapquest.com
453,TANK CONSULTANTS INC,4333 W 21ST ST,,TULSA,OK,74107,9/30/2019,9/22/2000,9185833968,NS,1637,,www.,linkedin.com
454,TEDSI Infrastructure Group Inc,738 Highway 6 South,Suite 430,Houston,TX,77079,9/30/2020,9/22/2000,8326191000,NS,1640,,www.,tedsi-infrastructure.com
455,TEXAS DRILLING ASSOCIATES,6130 INWAY DR,,SPRING,TX,77389,9/30/2020,9/22/2000,281-787-5006,SP,1642,,www.,mapquest.com
456,CONSTRUCTION PLANNING & MANAGEMENT INC DBA TEXAS ENGINEERING GROUP,17825 Babcock Road,,San Antonio,TX,78255,9/30/2019,9/22/2000,210 691 5555,NS,1643,,www.,linkedin.com
457,THE ARRINGTON CORPORATION,PO BOX 130998,,Tyler,TX,75713,9/30/2020,9/22/2000,9035654768,NS,1644,,www.,bbb.org
458,THE DELPHI GROUPE INC,2211 S IH35 STE 400,,AUSTIN,TX,78741-3842,9/30/2020,9/22/2000,512-462-1181,NS,1646,,www.,delphigroupe.com
459,THE PATENT ENGINEER/KLUGHART ENGINEERING INC DBA KEVIN MARK KLUGHART PHD PE,3825 Leisure Ln,,Denton,TX,76210-5589,9/30/2020,9/22/2000,940 320 0580,SP,1650,,www.,linkedin.com
460,"TNM Engineering, LLC",7355 Remcon Circle,Suite 103,El Paso,TX,79912,9/30/2020,9/22/2000,9155334041,NS,1652,,www.,tnmengineering.com
461,THE TRANSTEC GROUP INC,6111 BALCONES DR,,AUSTIN,TX,78731,9/30/2020,9/22/2000,512-451-6233,NS,1654,,www.,thetranstecgroup.com
462,"Tony Tramel Consulting, LLC",1948 W Wisconsin Ave,,Harlingen,TX,70520,9/30/2019,9/22/2000,337-693-6344,SP,1657,,www.,facebook.com
463,Turley & Williams Inc DBA Turley Associates Inc,301 N 3rd Street,,Temple,TX,76501,9/30/2019,9/22/2000,2547732400,NS,1658,,www.,turley-inc.com
464,WALLACE ENGINEERING-STRUCTURAL CONSULTANTS INC,123 N Martin Luther King Jr Blvd,,TULSA,OK,74103,9/30/2020,9/22/2000,9185845858,NS,1667,,www.,wallacesc.com
465,WASTELINE ENGINEERING INC,PO BOX 421,,ALEDO,TX,76008,9/30/2020,9/22/2000,817 441 1300,NS,1669,,www.,wasteline-eng.com
466,"WAVEX, LLC",15314 WILKSHIRE CT,,HOUSTON,TX,77069,9/30/2019,9/22/2000,2813977010,SP,1670,,www.,manta.com
467,WILSON & COMPANY INC ENGINEERS & ARCHITECTS,P.O. Box 94000,,Albuquerque,TX,87199,9/30/2020,9/22/2000,505-348-4000,NS,1677,,www.,wilsonco.com
468,William R Hughes Jr DBA WRH & Associates,5032 Old Peveto Road,,Orange,TX,77632,9/30/2019,9/22/2000,409-670-8825,SP,1679,,www.,texasescapes.com
469,Zentech Inc,14800 St. Mary's Lane Ste 270,,Houston,TX,77024,9/30/2020,9/22/2000,281 558 0290,NS,1682,,www.,zentech-usa.com
470,2DM ASSOCIATES INC,8439 Hunters Creek Drive,,HOUSTON,TX,77024-3204,9/30/2019,9/29/2000,8327215044,SP,1684,,www.,manta.com
471,A & L Engineering & Consulting Inc.,4720 Stonehollow Way,,Dallas,TX,75287,9/30/2020,9/29/2000,972-818-2946,NS,1685,,www.,anleng.com
472,ACS ENGINEERING & SAFETY LTD,407 Dover Lane,,Spring,TX,77373-5518,9/30/2020,9/29/2000,281-353-8224,NS,1692,,www.,almexperts.com
473,AESTIMO Inc,955 Dairy Ashford Ste 204,,Houston,TX,77079,9/30/2020,9/29/2000,2815561522,NS,1695,,www.,aestimo.com
474,Advanced Industrial & Marine Services DBA AIMS International Inc,1617 Peachleaf,,Houston,TX,77039,9/30/2019,9/29/2000,2815903240,NS,1696,,www.,bloomberg.com
475,"A. E. I. Engineering, LLC",11450 Compaq Center Drive,Suite 660,Houston,TX,77070,9/30/2019,9/29/2000,2813507027,NS,1697,,www.,aeiengineering.com
476,"ALTEK ENGINEERING & CONSTRUCTION COMPANY DBA MG MOVASSAGHI, P. E.",PO BOX 172004,,ARLINGTON,TX,76003-2004,9/30/2019,9/29/2000,8175721989,SP,1698,,www.,linkedin.com
477,AMERICAN INTERNATIONAL ENERGY CORPORATION,1005 E 27 TH STREET,,HOUSTON,TX,77009,9/30/2019,9/29/2000,713-906-7747,SP,1699,,www.,manta.com
478,ANDERSON ENGINEERING CONSULTANTS INC,10205 ROCKWOOD RD,,LITTLE ROCK,AR,72204,9/30/2019,9/29/2000,5014554545,NS,1701,,www.,aecigeo.com
479,"ARF Architects & Engineers, Inc. DBA ARF Engineering, Inc.",210 N. First Street,,Lufkin,TX,75901,9/30/2019,9/29/2000,9366376969,NS,1704,,www.,porch.com
480,Gate Precast Company DBA Precast Concrete Manufacturer,PO Box 23627,,Jacksonville,FL,32241,9/30/2020,9/29/2000,9047327668,NS,1705,,www.,gateprecast.com
481,ARROYO ENGINEERING INC,6200 UTSA BLVD STE 101-A,,SAN ANTONIO,TX,78249,9/30/2019,9/29/2000,2105583101,NS,1706,,www.,manta.com
482,AMC DESIGN GROUP INC,PO BOX 341555,,AUSTIN,TX,78734,9/30/2020,9/29/2000,5123852911,SP,1708,,www.,linkedin.com
483,AW Blair Engineering DBA Allie W Blair,P. O. Box 4615,,Austin,TX,78765,9/30/2020,9/29/2000,5123941011,NS,1709,,www.,awblair.com
484,BAGNALL ENGINEERING INC,PO BOX 3483,,VICTORIA,TX,77903,9/30/2019,9/29/2000,361 575 7486,NS,1711,,www.,manta.com
485,BAIN MEDINA BAIN INC,ATTN:  ACCTS. PAYABLE,7073 SAN PEDRO,SAN ANTONIO,TX,78216-6209,9/30/2020,9/29/2000,210-494-7223,NS,1712,,www.,bmbi.com
486,BENCOB DESIGN SERVICES,4446 ASHBEL STREET,,SAN ANTONIO,TX,78223,9/30/2019,9/29/2000,210-854-7649,NS,1715,,www.,manta.com
487,BERGER ENGINEERING COMPANY,10900 SHADY TRAIL,,DALLAS,TX,75220-1308,9/30/2020,9/29/2000,2143584451,NS,1716,,www.,berger-engr.com
488,BHP ENGINEERING & CONSTRUCTION LP,715 OAK PARK AVE,,CORPUS CHRISTI,TX,78408,9/30/2020,9/29/2000,361-693-6283,NS,1717,,www.,bhpeng.com
489,KNIGHTHAWK ENGINEERING INC,17625 EL CAMINO REAL #412,,HOUSTON,TX,77058,9/30/2019,9/29/2000,2812829200,NS,1720,,www.,knighthawk.com
490,BRADLEY C PATTERSON PE INC,4102-A HYCREST DR,,AUSTIN,TX,78759,9/30/2019,9/29/2000,512 343 6541,SP,1722,,www.,porch.com
491,"The Brandt Companies, LLC DBA Brandt",1728 BrierCroft Ct.,,Carrollton,TX,75006,9/30/2019,9/29/2000,972 395 6000,NS,1723,,www.,brandt.us
492,"Bridgers & Paxton Consulting Engineers, Inc.",4600 C Montgomery Blvd. NE,,Albuquerque,NM,87109,9/30/2020,9/29/2000,505 883 4111,NS,1725,,www.,bpce.com
493,BRUCE W GRAHAM PE,P O BOX 106,,PORT LAVACA,TX,77979,9/30/2019,9/29/2000,361-876-5781,SP,1727,,www.,brucegrahamlawfirm.com
494,CAMPOS ENGINEERING INC,1331 River Bend Drive,,DALLAS,TX,75247,9/30/2020,9/29/2000,2146966291,NS,1731,,www.,camposengineering.com
495,Carnahan Corporation,P O Box 42281,,Houston,TX,77242,9/30/2019,9/29/2000,2814932600,SP,1732,,www.,m.yelp.com
496,Civil Design Services Inc DBA CDS Muery,3411 Magic Dr,,San Antonio,TX,78229,9/30/2020,9/29/2000,2105811111,NS,1733,,www.,cdsmuery.com
497,CDY Consulting Engineers Inc,1117 Ruby Ranch Rd.,,Buda,TX,78610,9/30/2019,9/29/2000,512 416 5759,NS,1734,,www.,bbb.org
498,Century Twenty-Two Engineering Inc,615 N. Charles Street,,Lewisville,TX,75057,9/30/2019,9/29/2000,972-221-6839,NS,1736,,www.,manta.com
499,Charles J Jenkins & Associates Inc,P O Box 575,,Kemah,TX,77565,9/30/2019,9/29/2000,281 334 6030,NS,1739,,www.,yelp.com
500,CHEMIC ENGINEERS & CONSTRUCTORS INC,4820 FM 2004,,HITCHCOCK,TX,77563,9/30/2020,9/29/2000,4099866504,NS,1740,,www.,chemic.com
501,CP&Y Inc,Attn  Sally Solano,1820 Regal Row Ste 200,Dallas,TX,75235,9/30/2020,9/29/2000,2146380500,NS,1741,,www.,cpyi.com
502,Civil Associates,20118 Angeli,,Tomball,TX,77377,9/30/2020,9/29/2000,281 351 7319,SP,1746,,www.,civilassociates.com
503,Shelly Hattan DBA CivilGrrl Engineering,3333 Southlake Park Road,,Southlake,TX,76092,9/30/2019,9/29/2000,817 329 1441,SP,1748,,www.,civilgrrl.com
504,CLEAN AIR ENGINEERING INC,500 W WOOD ST,,PALATINE,IL,60067,9/30/2020,9/29/2000,847 991 3300,NS,1749,,www.,cleanair.com
505,"COTHREN, GRAFF, SMOAK, ENGINEERING INC.",6305 WESTPORT AVE,,SHREVEPORT,LA,71129,9/30/2020,9/29/2000,318 687 3732,NS,1754,,www.,manta.com
506,CRESPO CONSULTING SERVICES INC,4131 SPICEWOOD SPRINGS RD B-2,,AUSTIN,TX,78759-8658,9/30/2019,9/29/2000,512 343 6404,NS,1758,,www.,crespoinc.com
507,"CSHQA, Inc. DBA CSHQA",200 Broad Street,,BOISE,ID,83702,9/30/2020,9/29/2000,2084294005,NS,1759,,www.,cshqa.com
508,GORDON L DAVIS PE,P O BOX 241371,,MONTGOMERY,AL,36124,9/30/2019,9/29/2000,3342133070,SP,1763,,www.,porch.com
509,Dispute Management Group LLC DBA DMG EIS,PO Box 163081,,Austin,TX,78716,9/30/2020,9/29/2000,512 426 6958,NS,1767,,www.,linkedin.com
510,PROVIDENCE ENVIRONMENTAL CONSULTING INC,112 LAS COLINAS DRIVE,,GEORGETOWN,TX,78628,9/30/2020,9/29/2000,512-658-0628,NS,1772,,www.,providenceenvironmentalconsulting.com
511,DYESS-PETERSON TESTING LABORATORY INC,PO BOX 30699,,AMARILLO,TX,79120,9/30/2019,9/29/2000,8063724911,NS,1773,,www.,dyesspeterson.com
512,E RALPH GREEN PETROLEUM CONSULTANT,721 W Dengar Ave #1C,,Midland,TX,79705,9/30/2019,9/29/2000,432 686 0949,SP,1774,,www.,manta.com
513,"Ecology and Environment, Inc.",368 Pleasant View Drive,,Lancaster,NY,14086,9/30/2020,9/29/2000,7166848060,NS,1775,,www.,ene.com
514,EDWARD R CERVENKA PE,6700 Vitruvius Drive,,AUSTIN,TX,78739,9/30/2019,9/29/2000,5122927066,SP,1776,,www.,mylife.com
515,"ENGINEERING MICRO RESEARCH DBA Seibo Pipeline Bridge, Inc.",5306 MIDDLE FISKVILLE RD,,AUSTIN,TX,78751,9/30/2019,9/29/2000,512 933 9000,NS,1781,,www.,sefbopipelinebridge.com
516,ERI Consulting Inc,P O BOX 2024,,Tyler,TX,75710,9/30/2019,9/29/2000,903 534 5001,NS,1787,,www.,ericonsulting.com
517,ERS ENGINEERING INC,PO BOX 14809,,JACKSONVILLE,FL,32238-1809,9/30/2019,9/29/2000,904 777 3089,NS,1789,,www.,ersengineering.com
518,FISCHER ENGINEERING,PO BOX 722,,OLNEY,TX,76374,9/30/2019,9/29/2000,9405642565,SP,1793,,www.,manta.com
519,"FLORES & COMPANY CONSULTING ENGINEERS, INC.",12915 JONES MALTSBERGER STE 401,,SAN ANTONIO,TX,78247,9/30/2019,9/29/2000,210 490 9963,NS,1794,,www.,floresengineers.com
520,Fiedler Group,299 N Euclid Ave #550,,Pasadena,CA,91101-1662,9/30/2020,9/29/2000,213 381 3118,NS,1796,,www.,fiedlergroup.com
521,GALINDO ENGINEERS & PLANNERS INC,3833 S TEXAS AVE SUITE 213,,BRYAN,TX,77802,9/30/2019,9/29/2000,9798468868,NS,1799,,www.,bbb.org
522,GANNETT FLEMING INC,207 SENATE AVE,,CAMP HILL,PA,17011,9/30/2019,9/29/2000,7177637211,NS,1800,,www.,gannettfleming.com
523,GARCIA & WRIGHT CONSULTING ENGINEERS INC,407 W RHAPSODY,,SAN ANTONIO,TX,78216,9/30/2019,9/29/2000,210-349-5253,NS,1802,,www.,garciawright.com
524,GARCIA ENGINEERS,1003 CANYON OAK DRIVE,,EULESS,TX,76039,9/30/2019,9/29/2000,2104907288,SP,1803,,www.,linkedin.com
525,"George Perdue & Associates, Inc.",2904 Grand Point Ct.,,Grandbury,TX,76049,9/30/2019,9/29/2000,817 326 2030,NS,1813,,www.,dnb.com
526,"GERALD S. PRICKETTE CONSULTING ENGINEERS, INC.",27710 Cold Spring Trace,,Katy,TX,77494,9/30/2019,9/29/2000,281-693-1378,SP,1815,,www.,opencorporates.com
527,GERRY DE CAMP PE,1127 ELDRIDGE PKY STE 300-148,,HOUSTON,TX,77077,9/30/2019,9/29/2000,8322509408,SP,1816,,www.,jurispro.com
528,GWC ENGINEERING LP,5999 Summerside Drive,Suite 200,DALLAS,TX,75252,9/30/2020,9/29/2000,9724902224,SP,1817,,www.,gwcengineering.com
529,"Braun Intertec DBA GME CONSULTING SERVICES, INC",2526 Manana Dr #109,,Dallas,TX,75220,9/30/2019,9/29/2000,214 351 5633,NS,1818,,www.,braunintertec.com
530,Meadow Burke LLC,6467 S. Falkenburg Rd.,,Riverview,FL,33578,9/30/2020,9/29/2000,813-248-1944,NS,1823,,www.,meadowburke.com
531,Loren Hugh Drum PE DBA Texas Home Check,2057 Blueridge,,Canyon Lake,TX,78133,9/30/2019,9/29/2000,2103406000,SP,1829,,www.,buildzoom.com
532,THORSON BAKER & ASSOCIATES INC,3030 W STREETSBORO RD,,RICHFIELD,OH,44286,9/30/2020,9/29/2000,3306596688,NS,1832,,www.,thorsonbaker.com
533,TK CONSULTING ENGINEERS,7621 SPICEWOOD SPRINGS RD.,,AUSTIN,TX,78759,9/30/2019,9/29/2000,512 219 1574,SP,1836,,www.,tkaustin.com
534,TPC ENGINEERING,3703 PASEO ROYALE BLVD,,RICHMOND,TX,77406,9/30/2019,9/29/2000,832-491-8326,SP,1838,,www.,linkedin.com
535,"Unitech Engineering, LLC.",P. O. Box 760491,,San Antonio,TX,78245,9/30/2019,9/29/2000,210 548 0058,SP,1842,,www.,linkedin.com
536,"USA PROFESSIONAL SERVICES GROUP, INC.",1525 VICEROY DR,,DALLAS,TX,75235,9/30/2020,9/29/2000,214 634 3300,NS,1845,,www.,linkedin.com
537,VANNIER ENGINEERING,"3000 Custer Rd, Suite 270",- PMB 336,PLANO,TX,75075,9/30/2019,9/29/2000,9728679750,SP,1848,,www.,bbb.org
538,"Venture Mechanical, Inc.",1644 W. Crosby Rd.,,Carrollton,TX,75006,9/30/2019,9/29/2000,972 871 1300,NS,1850,,www.,venturemech.com
539,VESTFALS & ASSOCIATES,206 Michelle Drive,,LONGVIEW,TX,75605,9/30/2019,9/29/2000,903 758 8569,SP,1851,,www.,thebluebook.com
540,W. D. VON GONTEN & CO.,10496 Old Katy Rd. Suite 200,,Houston,TX,77043,9/30/2019,9/29/2000,713 224 6333,NS,1855,,www.,wdvgco.com
541,"Walter P. Moore & Associates, Inc.","1301 McKinney St., Suite 1100",,Houston,TX,77010,9/30/2019,9/29/2000,713 630 7300,NS,1856,,www.,walterpmoore.com
542,"Welch Engineering, Inc.",P.O. Box 820218,,North Richland Hills,TX,76182,9/30/2019,9/29/2000,817-589-2900,NS,1859,,www.,homeadvisor.com
543,Winter Engineering,1202 Hurst Hollow,,Austin,TX,78734,9/30/2020,9/29/2000,5122614400,SP,1865,,www.,wintereng.com
544,WIRELESS COMMUNICATION SYSTEMS,5124 EAST LAKE DR,,GLADEWATER,TX,75647,9/30/2020,9/29/2000,9037341921,SP,1866,,www.,buzzfile.com
545,WJP ENTERPRISES,1441 BAFFIN BAY,,PLANO,TX,75075,9/30/2020,9/29/2000,9725161177,NS,1867,,www.,manta.com
546,WOLVERTON & ASSOCIATES INC,6745 Sugarloaf Parkway,Suite 100,Duluth,GA,30097,9/30/2020,9/29/2000,770-447-8999,NS,1868,,www.,linkedin.com
547,"Wylie & Associates, LLC DBA WYLIE Consulting Engineers",1 Greenway Plaza,Suite 1100,HOUSTON,TX,77046,9/30/2019,9/29/2000,7137812526,NS,1869,,www.,wylieassociates.com
548,"Xercon Offshore International, Inc.",6950 Quebe Rd.,,Brenham,TX,77833-1375,9/30/2019,9/29/2000,979 836 5887,SP,1870,,www.,manta.com
549,"Sandra L. Sewell, P.E.",211 East Parkwood Ave.,Suite 101,Friendswood,TX,77546,10/31/2019,10/13/2000,281 333 3960,SP,1874,,www.,corporationwiki.com
550,SARTOR ENTERPRISES,468 TWEEDY RD,,VALLEY MILLS,TX,76689,10/31/2019,10/13/2000,254 932 6496,SP,1876,,www.,mclennancad.org
551,SHIMAJI & LASCOLA INC,23682 BIRTCHER DR,,LAKE FOREST,CA,92630,10/31/2019,10/13/2000,949 770 9967,NS,1890,,www.,sli-se.com
552,SIA ENGINEERING INC,6977 San Pedro Ave.,,SAN ANTONIO,TX,78216,10/31/2019,10/13/2000,2103415500,NS,1892,,www.,sia-engineering.com
553,SIGNA ENGINEERING CORP,"16945 Northchase Dr., Ste 2200",,HOUSTON,TX,77060,10/31/2019,10/13/2000,281 774 1000,NS,1893,,www.,signa.net
554,SKYHOOK STRUCTURAL ENGINEERING PC,229 WARD CIRCLE,STE B23,BRENTWOOD,TN,37027,10/31/2019,10/13/2000,6157770097,NS,1900,,www.,skyhookstructural.com
555,Slay Engineering Co Inc,123 Altgelt Ave,,San Antonio,TX,78201,10/31/2019,10/13/2000,2107344388,NS,1901,,www.,slayengineering.com
556,SLI ENGINEERING INC,6600 WESTWIND DR,,EL PASO,TX,79912,10/31/2019,10/13/2000,9155844457,NS,1902,,www.,sli-engineering.com
557,SMITH ENGINEERING CO INC,519 BARKSDALE BLVD,,BOSSIER CITY,LA,71111,10/31/2019,10/13/2000,318 741 1088,NS,1903,,www.,smith-engineering.net
558,Momentum Design & Construction Inc DBA Soil Mechanics International,708 Dulce Tierra,,El Paso,TX,79912,10/31/2019,10/13/2000,915 532 5406,NS,1906,,www.,soilmechanicsep.com
559,SOUND ENVIRONMENTAL SOLUTIONS INC,PO Box 947142,,HOUSTON,TX,77094,10/31/2019,10/13/2000,7139736085,NS,1907,,www.,homeadvisor.com
560,SOUTHWEST ENGINEERS INC,307 ST LAWRENCE ST,,GONZALES,TX,78629,10/31/2019,10/13/2000,830-672-7546,NS,1909,,www.,swengineers.com
561,SPEARS ENGINEERING COMPANY,3605 JEFFERSON AVE,,TEXARKANA,AR,71854,10/31/2019,10/13/2000,8707743204,SP,1911,,www.,manta.com
562,STANDARD INDUSTRIAL STRUCTURES CORPORATION,2665 WESTHOLLOW DR,,HOUSTON,TX,77082-1846,10/31/2019,10/13/2000,2815312800,NS,1917,,www.,siscorpstructures.com
563,STANLEY P BUCHANAN PE,330 OAK ESTATES DR,,ORLANDO,FL,32806,10/31/2019,10/13/2000,4078593328,SP,1918,,www.,buzzfile.com
564,STAR ENGINEERING GROUP INC,PO BOX 643,,HELOTES,TX,78023-0643,10/31/2019,10/13/2000,2108714133,NS,1919,,www.,manta.com
565,State Service Co. Inc.,P.O. Box 1321,,Rockport,TX,78381,10/31/2019,10/13/2000,361-776-7399,NS,1921,,www.,stateservice.com
566,"Stephen G. Wright, P.E.",3406 Shinoak Dr.,,Austin,TX,78731,10/31/2019,10/13/2000,512 452 2095,SP,1923,,www.,caee.utexas.edu
567,STEPHEN W MAYNARD PE,4605 LOCUST,,BELLAIRE,TX,77401,10/31/2019,10/13/2000,713-664-9325,SP,1925,,www.,spokeo.com
568,Steven B Brown PE,1849 Mariposa Ave.,,Boulder,CO,80302,10/31/2019,10/13/2000,303-442-2009,NS,1927,,www.,manta.com
569,STONE LIONS ENVIRONMENTAL CORPORATION,"655 Deep Valley Drive, Suite 303",,Rolling Hills Estates,CA,90274,10/31/2019,10/13/2000,310-377-6677,NS,1928,,www.,stonelions.com
570,STRUCTURAL DIAGNOSTICS INC,1822 DALY DR,,CORPUS CHRISTI,TX,78412,10/31/2019,10/13/2000,361 991 6055,NS,1933,,www.,manta.com
571,"Surveying and Mapping, LLC DBA SAM, LLC",Attn  Accounts Payable,"4801 Southwest Parkway, Bldg Two, Suite 100",Austin,TX,78735,10/31/2019,10/13/2000,5124470575,NS,1937,,www.,sam.biz
572,SYSTEMS ENGINEERING CONSULTANTS,3615 Curt Drive,,ARLINGTON,TX,76016,10/31/2019,10/13/2000,8178228964,SP,1940,,www.,perkinsconsultants.com
573,UNIVERSAL ENSCO INC,4848 LOOP CENTRAL DR,,HOUSTON,TX,77081,10/31/2019,10/13/2000,7139777770,NS,1942,,www.,universalpegasus.com
574,ABB INC,Attn:Elizabeth Robertson,305 Gregson Drive,Cary,NC,27511,10/31/2019,10/20/2000,9198075009,NS,1946,,www.,new.abb.com
575,ACORN CONSULTING SERVICES,10617 N HAYDEN RD STE B-108,,SCOTTSDALE,AZ,85260,10/31/2019,10/20/2000,602 888 7250,NS,1950,,www.,acornconsultingengineer.com
576,"Adaetus Engineering, Inc.",P.O. Box 782127,,San Antonio,TX,78278-2126,10/31/2019,10/20/2000,2106990719,NS,1951,,www.,manta.com
577,ADAMS ENGINEERING,2613 Emerald Lane,,McKinney,TX,75071,10/31/2019,10/20/2000,469-525-0765,SP,1952,,www.,adams-engineering.com
578,AEP PRO SERV INC,"1 Riverside Plaza, 20th Floor",Attn: Stephanie Covington,Columbus,OH,43215,10/31/2019,10/20/2000,614-716-2326,NS,1953,,www.,stephaniecovington.com
579,"Amec Foster Wheeler E&C Services, Inc.",c/o Louise Reed,2020 Winston Park Drive; Suite 700,Oakville,GA,L6H6X7,10/31/2019,10/20/2000,905-403-3450,NS,1954,,www.,wyobiz.wy.gov
580,Nesornnod Corporation DBA Aim Electrical Consultants,4543 Post Oak Place Drive,Suite 212,Houston,TX,77027,10/31/2019,10/20/2000,7136666718,NS,1957,,www.,aimelectrical.com
581,"Alan V. Thompson, P.E.",111 Surrey Drive,,Boerne,TX,78006,10/31/2019,10/20/2000,210 218 4604,SP,1962,,www.,ebensberger-fisher.com
582,ALEXANDER CONSULTING ENGINEERS INC DBA PROFESSIONAL DESIGN GROUP,1705 S CAPITAL OF TX HWY,STE 150,AUSTIN,TX,78746,10/31/2019,10/20/2000,5124570344,NS,1967,,www.,pdgengr.com
583,"Ridinger Associates, Inc.",550 Edmonds Ln #101,,Lewisville,TX,75067,10/31/2019,10/20/2000,972-353-8000,NS,1969,,www.,ridingerassociates.com
584,ALLIANCE GEOTECHNICAL GROUP INC,3228 HALIFAX ST ,,DALLAS,TX,75247,10/31/2019,10/20/2000,9724448889,NS,1970,,www.,aggengr.com
585,"ALLIED DESIGN ARCHITECTURAL & ENGINEERING GROUP, PC",P O BOX 110,,MORTON,IL,61550,10/31/2019,10/20/2000,309 263 4105,NS,1971,,www.,buildzoom.com
586,AMSTAR ENGINEERING INC,12600 HILL COUNTRY BOULEVARD STE R-275,,AUSTIN,TX,78738,10/31/2019,10/20/2000,5122633661,SP,1975,,www.,amstarengineering.com
587,Analytical Group Inc,401 Isom #235,,San Antonio,TX,78216,10/31/2019,10/20/2000,210 822 7701,NS,1977,,www.,analyticalgroup.com
588,Anchor Engineering Inc,"2535 17th Street, Suite A",,Denver,CO,80211,10/31/2019,10/20/2000,3037834797,NS,1979,,www.,anchoreng.com
589,ARCHITECTURAL ENGINEERS COLLABORATIVE LLC DBA Architectural Engineers Collaborative,"3800 N. Lamar Blvd., STE 330",,AUSTIN,TX,78756,10/31/2019,10/20/2000,5124722111,NS,1985,,www.,aecollab.com
590,Arup Texas Inc.,77 Water Street,"5th Floor, Attn: Sandy Rai",New York,TX,10005,10/31/2019,10/20/2000,732-623-7428,NS,1990,,www.,linkedin.com
591,ATCO ENVIROAIR TESTING ENGINEERS INC,2104 mcdaniel circle,,plano,TX,75075,10/31/2019,10/20/2000,9729855564,NS,1991,,www.,atcoenviroair.com
592,AUPPERLE COMPANY,10088 Circleview Drive,,AUSTIN,TX,78733,10/31/2019,10/20/2000,512-329-8241,SP,1994,,www.,yelp.com
593,B & F Engineering Inc,928 Airport Road,,Hot Springs,AR,71913,10/31/2019,10/20/2000,501 767 2366,NS,1997,,www.,bnfeng.com
594,"Desul, Inc.",P.O. Box 10675,,College Station,TX,77842,10/31/2019,10/20/2000,979 680 8000,SP,1999,,www.,porch.com
595,Erin Banks & Associates LLC DBA Banks & Associates,820 Currie Ranch Road,,Wimberley,TX,78676,10/31/2019,10/20/2000,5128019049,SP,2002,,www.,fieldplanner.com
596,"Barnett-Herron Engineering, Inc. DBA BHEI",P O Box 2230,,Weatherford,TX,76086,10/31/2019,10/20/2000,817 341 4242,NS,2004,,www.,b-hei.com
597,BAY & ASSOCIATES INC,8217 Shoal Creek Blvd.,Suite 100,Austin,TX,78757,10/31/2019,10/20/2000,5124079011,NS,2005,,www.,baymep.com
598,BCCK Engineering Incorporated,2500 N Big Spring Street,,Midland,TX,79705,10/31/2019,10/20/2000,4326856095,NS,2006,,www.,bcck.com
599,KBR Engineering Company LLC,Attn  Licensing Dept,601 Jefferson St,Houston,TX,77002,10/31/2019,10/20/2000,713 753 5296,NS,2007,,www.,kbr.com
600,BEAULLIEU & ASSOCIATES INC,243 LA RUE FRANCE,,LAFAYETTE,LA,70508,10/31/2019,10/20/2000,337 234 9571,SP,2008,,www.,manta.com
601,"BEFCO ENGINEERING, INC",P O BOX 615,,LA GRANGE,TX,78945,10/31/2019,10/20/2000,979 968 6474,NS,2011,,www.,
602,"AUSTAR, Inc. DBA Bescon",1400 Little Elm Tr. 1013,,Cedar Park,TX,78613,10/31/2019,10/20/2000,5124369501,SP,2015,,www.,
603,I BETA ENGINEERING LLC,4725 HWY 28 E,,PINEVILLE,LA,71360,10/31/2019,10/20/2000,3187672762,NS,2016,,www.,
604,BH Systems Consulting LLC,P O Box 2027,,Athens,TX,75751-7027,10/31/2019,10/20/2000,9036757200,SP,2017,,www.,
605,BIDDY ASSOCIATES INC DBA BSA ENGINEERING,104 GALVESTON,,WICHITA FALLS,TX,76301,10/31/2019,10/20/2000,9407235100,NS,2018,,www.,
606,BILL BATCHELOR,614 EAST 29TH ST,,BRYAN,TX,77803,10/31/2019,10/20/2000,9798226500,SP,2020,,www.,
607,Bill Reiffert & Associates Inc.,136 Sagecrest,,San Antonio,TX,78232,10/31/2019,10/20/2000,2104137190,NS,2021,,www.,
608,BOOHER ENGINEERING INC,PO BOX 7793,,TYLER,TX,75711-7793,10/31/2019,10/20/2000,9035613431,SP,2030,,www.,
609,"Borton, LC",P O Box 2108,,Hutchinson,KS,67504-2108,10/31/2019,10/20/2000,620 669 8211,NS,2032,,www.,
610,Boyer Inc,8904 Fairbanks N Houston Rd,,Houston,TX,77064,10/31/2019,10/20/2000,7134665395,NS,2033,,www.,
611,S&ME INC,2724 DISCOVERY DRIVE,SUITE 120,RALEIGH,NC,27616,10/31/2019,10/20/2000,919-872-2660,NS,2038,,www.,
612,SAFE Engineering & Consulting Inc,10685B Hazelhurst Dr. #9025,,Houston,TX,77043,10/31/2019,10/20/2000,405-385-6608,SP,2039,,www.,
613,"SAGE Engineering, Inc.",2429 Bissonnet #708 ,,Houston,TX,77005-1451,10/31/2019,10/20/2000,713 988 6635,SP,2041,,www.,
614,"Arthur L. Sukenik, P.E., Structural Consultant",6126 La Cosa Drive,,Dallas,TX,75248-4925,11/30/2019,11/3/2000,214 893 8548,SP,2046,,www.,
615,Larry Gene Tarkington PE DBA Project Engineering of Texas,153 Trillium Lane,,San Antonio,TX,78213-2514,11/30/2019,11/3/2000,2103661966,SP,2049,,www.,
616,Property Engineers Inc.,6951 Delrose Ave,,Dallas,TX,75214,11/30/2019,11/3/2000,214 321 5022,SP,2050,,www.,
617,PSA CONSULTING ENGINEERS INC,3031 NW 64TH ST STE 101,,OKLAHOMA CITY,OK,73116,11/30/2019,11/3/2000,405 840 1901,NS,2052,,www.,
618,IHS Global Inc.,1401 Enclave Parkway,Suite 200,Houston,TX,77077,11/30/2019,11/3/2000,281-531-4660,NS,2053,,www.,
619,R A CORBETT ENGINEERING,2727 LAZY SPRING DR,,HOUSTON,TX,77080,11/30/2019,11/3/2000,7134604609,SP,2055,,www.,
620,R T GARCIA & CO INC,"2503 SOUTH BLVD, SUITE 205",,HOUSTON,TX,77098-5111,11/30/2019,11/3/2000,713-654-8053,SP,2057,,www.,
621,"Aurora Technical Services, LLC","12941 North Freeway, Ste. 500",,Houston,TX,77060,11/30/2019,11/3/2000,2814537700,NS,2059,,www.,
622,Rathgeber/Goss Associates Professional Corporation,15871 Crabbs Branch Way,,Rockville,MD,20855,11/30/2019,11/3/2000,3015900071,NS,2064,,www.,
623,WATERENGINEERS INC,P.O. Box 1945,,Cypress,TX,77410-1945,11/30/2019,11/3/2000,281-373-0500,NS,2066,,www.,
624,RAYMOND YEE PE,900 Birdsall St.,,HOUSTON,TX,77007,11/30/2019,11/3/2000,281-639-6524,SP,2068,,www.,
625,RCS ENGINEERING,P. O. Box 3018,,Marble Falls,TX,78654,11/30/2019,11/3/2000,281 496 2262,SP,2070,,www.,
626,"RCS Enterprises, L. P.",400 N. Allen Drive,Ste 205,Allen,TX,75013,11/30/2019,11/3/2000,9727278572,NS,2071,,www.,
627,"Read Jones Christoffersen, Ltd. DBA RJC Engineers",1626 Richter Street,,Kelowna,BC,V1Y 2M3,11/30/2019,11/3/2000,778-738-1705,NS,2072,,www.,
628,REESE BRENTZEL JR PE,136 DOUBLETREE DR,,DENISON,TX,75020,11/30/2019,11/3/2000,9034651911,SP,2074,,www.,
629,Regulatory Compliance Services Inc,8610 King George Dr,,Dallas,TX,75235,11/30/2019,11/3/2000,9722264372,SP,2075,,www.,
630,"Richard E. Cooper Engineering, Inc. DBA Richard E. Cooper, PE",201 Royal Oaks Court,,Denton,TX,76210,11/30/2019,11/3/2000,940-565-1579,SP,2081,,www.,
631,RISA R DEITNER,P.O. Box 5095,Chevron Perth Australia,Bellaire,TX,77402,11/30/2019,11/3/2000,281-466-2763,SP,2088,,www.,
632,RNR ENGINEERING LLC,262 WOLF CREEK PASS,,WIMBERLEY,TX,78676,11/30/2019,11/3/2000,5128479074,SP,2091,,www.,
633,ROB PETERSON PE,3738 ARNOLD,,HOUSTON,TX,77005,11/30/2019,11/3/2000,7136667644,SP,2092,,www.,
634,ROBERT E GREEN PE,PO BOX 50834,,MIDLAND,TX,79710,11/30/2019,11/3/2000,4326883949,SP,2096,,www.,
635,"Rock Engineering and Testing Laboratory, Inc.",6817 Leopard Street,,Corpus Christi,TX,78409,11/30/2019,11/3/2000,3618834555,NS,2101,,www.,
636,"H2O Terra, LLC",2020 E. Mills Ave,,El Paso,TX,79901,11/30/2019,11/3/2000,9155331418,NS,2103,,www.,
637,ROGER J KOPPA PE,1214 N RIDGEFIELD,,COLLEGE STATION,TX,77840,11/30/2019,11/3/2000,9796930867,SP,2104,,www.,
638,Frishmuth Consulting Services LLC,P O Box 1624,,Boerne,TX,78006,11/30/2019,11/3/2000,281-770-3598,NS,2108,,www.,
639,ROSSER INTERNATIONAL INC,"1555 Peachtree Street, N.E.",Suite 800,ATLANTA,GA,30309,11/30/2019,11/3/2000,4048763800,NS,2110,,www.,
640,Shah Smith & Associates Inc,"2825 Wilcrest Drive, Ste 350",,Houston,TX,77042,11/30/2019,11/3/2000,7137807563,NS,2113,,www.,
641,SHELMARK ENGINEERING LLC,921 FM 517 Rd. E,,Dickinson,TX,77539,11/30/2019,11/3/2000,409.935.9986,NS,2115,,www.,
642,SISSEL ENGINEERING SERVICES,1110 RIDGE RD WEST,,ROCKWALL,TX,75087-3110,11/30/2019,11/3/2000,9727725238,SP,2119,,www.,
643,SKINNER ENGINEERING SERVICES COMPANY,PO BOX 67,,SILSBEE,TX,77656,11/30/2019,11/3/2000,409 385 2074,NS,2120,,www.,
644,"SPIARS ENGINEERING, INC.",765 CUSTER RD STE 100,,PLANO,TX,75075,11/30/2019,11/3/2000,972 422 0077,NS,2121,,www.,
645,"Stenstrom-Schneider, Inc.","13748 Neutron Road, Suite 120",,Dallas,TX,75248,11/30/2019,11/3/2000,2144619831,NS,2124,,www.,
646,STEPHENS ENGINEERING,PO BOX 2249,,WICHITA FALLS,TX,76307,11/30/2019,11/3/2000,940 723 2166,NS,2125,,www.,
647,Bovay Engineers Inc,11757 Katy Freeway,Suite 700A,Houston,TX,77079,11/30/2019,11/10/2000,7137778400,NS,2130,,www.,
648,BRENNAN C KLUMB PE CONSULTING ENGINEER,307 ESPERANZA AVE,,JOURDANTON,TX,78026,11/30/2019,11/10/2000,8305709665,SP,2135,,www.,
649,"David S. Brewer & Associates, Inc. DBA Brewer Engineering","13430 Northwest Freeway, Suite 350",,Houston,TX,77040,11/30/2019,11/10/2000,713 688 3530,NS,2136,,www.,
650,Brown and Caldwell,"120 S Central Ave, Ste 400",,Clayton,MO,63105,11/30/2019,11/10/2000,303 239 5400,NS,2139,,www.,
651,FREESE AND NICHOLS INC,4055 INTERNATIONAL PLAZA STE 200,ATTN: Cindy House,FT. WORTH,TX,76109-4895,11/30/2019,11/10/2000,817-735-7391,NS,2144,,www.,
652,Oller Engineering Inc,6812 Wayne Ave.,Suite A,Lubbock,TX,79424,11/30/2019,11/10/2000,8069936226,NS,2145,,www.,
653,OLSON ENGINEERING INC,12401 WEST 49TH AVE,,WHEAT RIDGE,CO,80033-1927,11/30/2019,11/10/2000,3034231212,NS,2146,,www.,
654,Omega Engineers Inc,16360 Park Ten Place Ste 325,,Houston,TX,77084,11/30/2019,11/10/2000,2816479182,NS,2147,,www.,
655,John H Fowler DBA On-Line Resources,PO Box 925393,,Houston,TX,77292,11/30/2019,11/10/2000,713 688 0767,SP,2148,,www.,
656,ONYX ENGINEERING INC,5602 IH 37 ACCESS ,,CORPUS CHRISTI,TX,78407,11/30/2019,11/10/2000,3616980900,NS,2149,,www.,
657,PATRICK A CANAN,PO BOX 4887,,WICHITA FALLS,TX,76308,11/30/2019,11/10/2000,9407232422,SP,2152,,www.,
658,"Jorge Perez Consulting Engineers, LLC DBA Perez Consulting Engineers, LLC",808 Dallas Ave,,McAllen,TX,78501,11/30/2019,11/10/2000,956 631 4482,NS,2158,,www.,
659,Performance Engineering,12057 FM 974,,Bryan,TX,77808,11/30/2019,11/10/2000,9792558766,SP,2159,,www.,
660,Peter H Early PE,4602 Masters Dr,,League City,TX,77573,11/30/2019,11/10/2000,409-789-2368,SP,2160,,www.,
661,Petersen Engineering,1301 Spruce St,,Texarkana,TX,75501,11/30/2019,11/10/2000,9037938581,SP,2161,,www.,
662,"Cardno PPI, LLC","920 Memorial City Way, Suite 900",,Houston,TX,77024,11/30/2019,11/10/2000,713 464 2200,NS,2162,,www.,
663,PWP Structural Engineers LLC,4300 Sidco Drive; Suite 202,,Nashville,TN,37204,11/30/2019,11/10/2000,615-467-1824,NS,2164,,www.,
664,"PRINCIPAL TECHNOLOGY, INC. DBA PRINCIPAL TECHNOLOGY ENGINEERING, INC.",1901 10th St #400,,Plano,TX,75074,11/30/2019,11/10/2000,214-239-3900,NS,2167,,www.,
665,"Professional Engineering and Environmental Consultants, Inc. DBA P.E.E.C.","1065 Muller Parkway, Ste. B",,Westwego,LA,70094,11/30/2019,11/10/2000,504 347 1900,NS,2169,,www.,
666,R MICHAEL GRAY PE,25414 Vinechase Drive,,Porter,TX,77365,11/30/2019,11/10/2000,281-358-1121,SP,2171,,www.,
667,REED WELLS BENSON AND COMPANY,12001 N CENTRAL EXPWY STE 1100,,DALLAS,TX,75243,11/30/2019,11/10/2000,9727884222,NS,2176,,www.,
668,REF-CHEM LP,ATTN  ACCOUNTS PAYABLE,PO BOX 2588,ODESSA,TX,79760,11/30/2019,11/10/2000,432 332 8531,NS,2177,,www.,
669,Witt O'Brien's LLC DBA Witt O'Brien's,818 Town & Country Blvd.,Suite 200,Houston,TX,77024,11/30/2019,11/10/2000,281-320-9796,NS,2180,,www.,
670,R-S-C-R Inc,1950 La Manda Blvd,,San Antonio,TX,78201,11/30/2019,11/10/2000,210 340 7973,NS,2181,,www.,
671,RICE ENGINEERING INC,105 SCHOOL CREEK TRL,,LUXEMBURG,WI,54217,11/30/2019,11/10/2000,9206171042,NS,2183,,www.,
672,"West Company of Midland, LLC",110 W LOUISIANA AVE SUITE 110,,MIDLAND,TX,79701,11/30/2019,11/10/2000,4326870865,NS,2184,,www.,
673,ROBERT G DAVENPORT PE,23003 WILLOWCREEK  STABLES RD,,SPRING,TX,77389,11/30/2019,11/10/2000,8323724315,SP,2187,,www.,
674,ROBERT LEE WINKLER PE,1559 Tahoe Court,,LEAGUE CITY,TX,77573-2088,11/30/2019,11/10/2000,2813818418,SP,2189,,www.,
675,ROBERT M KIPP,3407 Woodbine Drive,,FULSHEAR,TX,77441,11/30/2019,11/10/2000,832-439-4141,SP,2190,,www.,
676,Rodriguez Engineering,P O Box 1830,,Edinburg,TX,78540,11/30/2019,11/10/2000,956 491 1013,SP,2192,,www.,
677,HENDERSON & ROGERS INC,2603 Augusta Drive STE 800,,HOUSTON,TX,77057,11/30/2019,11/10/2000,713 430 5800,NS,2194,,www.,
678,ROOF TECHNICAL SERVICES INC,1944 HANDLEY DR,,FT. WORTH,TX,76112,11/30/2019,11/10/2000,817-496-4631,NS,2196,,www.,
679,"Russell K Hall & Associates, Inc",PO Box 80925,,Midland,TX,79708,11/30/2019,11/10/2000,432 683 6622,NS,2199,,www.,
680,SEA LTD,7001 Buffalo Parkway,,COLUMBUS,OH,43229,11/30/2019,11/10/2000,8008817324,NS,2200,,www.,
681,SARGENT & LUNDY LLC,55 E MONROE ST,,CHICAGO,IL,60603,11/30/2019,11/10/2000,3122696628,NS,2202,,www.,
682,SCATES INCORPORATED DBA JOHN E SCATES PE,2560 King Arthur Blvd,Suite 124-54,Lewisville,TX,75056,11/30/2019,11/10/2000,9724929500,SP,2203,,www.,
683,SCOTTCO MECHANICAL CONTRACTORS INC,PO BOX 7729,,AMARILLO,TX,79114,11/30/2019,11/10/2000,8063558251,SP,2204,,www.,
684,THE RESPONSE GROUP INC,11930 MENAUL NE STE 214,,ALBUQUERQUE,NM,87112,11/30/2019,11/10/2000,505 323 7629,NS,2207,,www.,
685,DME ENGINEERING,1605 W TENNESSEE AVE,,MIDLAND,TX,79701-6083,11/30/2019,11/17/2000,432-352-3681,SP,2210,,www.,
686,Charles D Fowler PE Inc,450 Lemens,,Hutto,TX,78634,11/30/2019,11/17/2000,512-759-1020,SP,2213,,www.,
687,"DON DURDEN, INC. DBA CIVIL ENGINEERING CONSULTANTS",11550 IH 10 WEST STE 395,,SAN ANTONIO,TX,78230,11/30/2019,11/17/2000,210 641 9999,NS,2214,,www.,
688,CROWTHER & ASSOCIATES INC,PO BOX 92675,,AUSTIN,TX,78709-2675,11/30/2019,11/17/2000,512 288 4567,NS,2216,,www.,
689,CTA INC DBA CTA ARCHITECTS ENGINEERS,Attn:  Angie Petersen,13 North 23rd Street,Billings,MT,59101,11/30/2019,11/17/2000,406-248-7455,NS,2217,,www.,
690,CYNTERGY ENGINEERING PLLC DBA CYNTERGY ENGINEERING PLLC,810 S. Cincinnati Ave.,Suite 200,TULSA,OK,74119,11/30/2019,11/17/2000,9188776000,NS,2220,,www.,
691,DAL-TECH Engineering Inc,"17400 Dallas Parkway, Suite 110",,Dallas,TX,75287,11/30/2019,11/17/2000,972 250 2727,NS,2223,,www.,
692,DANIEL & BROWN INC,P O BOX 606,,FARMERSVILLE,TX,75442,11/30/2019,11/17/2000,9727847777,NS,2225,,www.,
693,DANIEL D. CLINTON JR. PE DBA DANIEL D. CLINTON JR. PE,12410 BOHEME,,HOUSTON,TX,77024-4930,11/30/2019,11/17/2000,713-464-3244,SP,2226,,www.,
694,DANYSH & ASSOCIATES INC,105 BILTMORE #100,,SAN ANTONIO,TX,78213,11/30/2019,11/17/2000,2103415161,NS,2228,,www.,
695,DAVID E NADEL PE INC,4431 WARM SPRINGS RD,,HOUSTON,TX,77035,11/30/2019,11/17/2000,8326911633,SP,2230,,www.,
696,"DAVID VENHUIZEN, P.E.",5803 GATESHEAD DR,,AUSTIN,TX,78745,11/30/2019,11/17/2000,512 442 4047,SP,2231,,www.,
697,DBR ENGINEERING CONSULTANTS INC,"9601 McAllister Freeway, Suite 410",,San Antonio,TX,78216,11/30/2019,11/17/2000,210 293 4615,NS,2234,,www.,
